SEQID,ID,Enterococcus mundtii DSM 4838,Enterobacter mori DSM 26271,Staphylococcus epidermidis AU 24,Escherichia coli DSM 498,Pseudomonas putida DSM 6125,Actinetobacter baylyi DSM 14961,Enterococcus faecium DSM 20477,Staphylococcus aureus DSM 20231,Klebsiella oxytoca DSM 5175,Actinetobacter baumannii DSM 300007,Pseudomonas aeruginosa DSM 19880,Enterobacter cloacae DSM 30054
PAQ87969.barcode23,HJØRSTx2023-Gr4-R2A-2,000,000,000,000,000,000,000,000,000,000,000,000
PAQ87969.barcode43,PAD2021-Gr5-AC-7,000,000,000,000,000,000,000,000,000,000,000,000
PAQ87969.barcode52,MARS2023-Gr1-AC-4,000,000,000,000,000,000,000,000,000,000,000,000
PAQ87969.barcode68,MAR2020-JAR-AC-4,000,000,000,000,000,000,000,000,000,000,000,000
PAQ87969.barcode77,AKAT2023-Gr3-BHI-1,000,000,000,000,000,000,000,000,000,000,000,000
PAQ87969.barcode81,PAD2021-Gr5-ISP2-17,000,000,000,000,000,000,000,000,000,000,000,000
PAQ87969.barcode82,PAD2021-Gr6-ISP2-18,000,000,000,000,000,000,000,000,000,000,000,000
PAQ87969.barcode94,VIBY2021-Gr5-ISP2-19,000,000,000,000,000,000,000,000,000,000,000,000
PAQ87969.barcode19,MIDD2022-Gr14-R2A-16,000,111,111,111,000,111,000,000,111,000,000,111
PAQ87969.barcode21,VIBO2023-Gr12-R2A-15,000,000,111,000,000,000,111,111,000,000,000,000
PAQ87969.barcode29,GLHE2023-Gr8-10%NB-18,000,000,111,111,111,111,000,000,111,111,111,111
PAQ87969.barcode30,PAD2021-Gr6-10%NB-5,000,000,000,000,000,100,100,100,000,000,000,000
PAQ87969.barcode34,CELF2021-Gr3-10%NB-13,000,000,111,000,000,000,000,000,000,000,000,000
PAQ87969.barcode40,SILK2023-Gr1-AC-1,000,000,111,000,000,000,000,110,000,110,000,000
PAQ87969.barcode46,MARS2023-Gr3-AC-6,000,000,111,111,000,000,000,111,000,000,000,000
PAQ87969.barcode48,HJØR2023-Gr1-AC-1,000,000,111,000,000,111,000,000,000,111,000,000
PAQ87969.barcode49,STG2023-Gr2-AC-14,000,111,111,111,110,111,111,110,111,111,111,111
PAQ87969.barcode51,HJØR2023-Gr3-AC-19,000,000,000,000,000,111,000,000,000,000,011,000
PAQ87969.barcode55,STG2023-Gr2-AC-2,000,111,000,111,111,111,000,000,111,111,111,111
PAQ87969.barcode56,STG2023-Gr2-AC-16,000,000,111,000,000,000,000,000,000,000,000,000
PAQ87969.barcode59,STG2023-Gr2-AC-4,000,111,111,000,000,111,111,111,111,000,000,000
PAQ87969.barcode62,MARS2023-Gr3-AC-5,000,100,011,000,000,110,100,000,000,111,111,000
PAQ87969.barcode65,VIBO2023-Gr6-AC-16,000,000,111,000,000,000,000,000,000,000,000,000
PAQ87969.barcode69,VIBO2023-Gr11-AC-7,000,000,111,000,000,000,111,111,000,000,000,000
PAQ87969.barcode74,AAST2022-Gr1-BHI-8,000,000,000,000,000,111,000,000,000,000,000,000
PAQ87969.barcode79,PAD2021-Gr5-ISP2-19,000,000,000,111,000,000,000,000,000,000,000,000
PAQ87969.barcode80,PAD2021-Gr6-ISP2-16,000,000,111,000,000,000,000,111,000,000,000,000
PAQ87969.barcode96,MAR2020-CLARA-ISP2-13,000,110,111,000,000,011,000,111,111,111,111,000
PAQ87969.barcode45,VIBO2023-Gr3-AC-5,100,110,111,000,000,000,000,000,000,110,111,000
PAQ87969.barcode57,STG2023-Gr2-AC-15,001,000,111,000,000,000,110,000,000,000,000,000
PAQ87969.barcode73,SØN2021-Gr2-BHI-4,110,000,000,000,000,000,111,000,000,000,000,000
PAQ87969.barcode44,SILK2023-Gr17-AC-17,110,000,000,000,000,100,000,000,000,000,000,000
PAQ87969.barcode71,HJØR2022-Gr7-AC-10,110,110,000,000,000,100,111,000,000,111,000,000
PAQ87969.barcode75,SKIVE2022-Gr6-BHI-18,110,000,111,000,000,000,111,000,000,000,000,000
PAQ87969.barcode76,AKAT2023-Gr2-BHI-13,110,000,011,000,000,000,111,000,000,000,000,000
PAQ87969.barcode20,SILK2023-Gr2-R2A-11,111,000,001,001,000,000,111,000,000,000,000,000
PAQ87969.barcode22,VHG2023-Gr11-R2A-17,111,000,111,000,000,000,111,111,000,000,000,000
PAQ87969.barcode24,MARSBioA2022-Gr1-R2A-1,111,000,111,000,000,000,000,000,000,000,000,000
PAQ87969.barcode25,VHG2023-Gr8-R2A-20,111,000,111,000,000,000,111,111,000,000,000,000
PAQ87969.barcode26,HJØRSTX2023-Gr1-R2A-4,111,000,111,000,010,000,000,000,000,000,000,000
PAQ87969.barcode27,MARS2023-Gr14-R2A-9,111,000,111,111,110,011,000,000,111,111,000,000
PAQ87969.barcode28,MARS2023-Gr13-10%NB-1,111,000,111,000,000,111,111,000,000,000,000,000
PAQ87969.barcode31,HJO2021-Gr2-10%NB-13,111,111,111,111,111,111,111,111,111,111,111,000
PAQ87969.barcode32,SILK2023-Gr13-10%NB-17,111,000,000,000,000,000,111,000,000,00,000,000
PAQ87969.barcode35,MAR2020-JAR-10%NB-8,111,000,111,000,000,000,111,111,000,000,000,000
PAQ87969.barcode36,HJO2021-Gr2-10%NB-14,111,000,111,000,000,000,111,111,000,000,000,000
PAQ87969.barcode37,MAR2020-CLARA-10%NB-10,111,000,111,000,000,000,000,111,000,000,000,000
PAQ87969.barcode38,MAR2020-CLARA-10%NB-15,111,000,000,000,000,000,111,000,000,000,000,000
PAQ87969.barcode39,VIBO2023-Gr12-AC-7,111,000,111,011,000,000,111,111,000,111,111,000
PAQ87969.barcode41,SILK2023-Gr17-AC-16,111,000,000,001,000,000,111,000,000,000,111,000
PAQ87969.barcode42,MIDD2022-Gr3-AC-17,111,011,110,011,000,100,111,111,001,111,111,000
PAQ87969.barcode47,MARS2023-Gr4-AC-9,111,000,111,000,000,111,111,110,000,000,000,000
PAQ87969.barcode50,HJØR2023-Gr1-AC-5,111,100,110,000,000,000,111,110,000,000,000,000
PAQ87969.barcode53,HJØR2023-Gr2-AC-17,111,000,111,000,111,111,111,000,111,111,000,000
PAQ87969.barcode54,MARS2023-Gr4-AC-3,111,000,111,000,000,111,110,111,000,000,000,000
PAQ87969.barcode58,HJØR2023-Gr1-AC-18,111,000,111,000,000,111,111,000,000,000,000,000
PAQ87969.barcode60,HJØR2023-Gr1-AC-16,111,000,111,000,000,111,111,000,000,000,000,000
PAQ87969.barcode61,HJØR2023-Gr1-AC-17,111,000,111,000,000,111,111,000,000,000,111,000
PAQ87969.barcode63,VIBO2023-Gr3-AC-9,111,000,000,000,000,000,111,000,000,000,000,000
PAQ87969.barcode64,VIBO2023-Gr3-AC-20,111,000,111,000,000,000,111,111,000,000,000,000
PAQ87969.barcode66,FJER2023-Gr1-AC-23,111,000,111,000,000,000,111,111,000,000,000,000
PAQ87969.barcode67,GRE2020-Gr2-AC-17,111,111,110,110,111,111,111,110,100,110,111,000
PAQ87969.barcode70,MARS2BK2022-Gr8-AC-17,111,000,111,000,000,000,111,111,000,000,000,000
PAQ87969.barcode72,VIBO2023-Gr6-AC-1,111,000,111,000,000,000,000,000,000,000,000,000
PAQ87969.barcode78,GLHE2023-Gr5-BHI-3,111,000,111,000,000,111,111,111,000,111,000,000
PAQ87969.barcode83,VHG2023-Gr7-ISP2-19,111,000,111,000,000,000,111,111,000,000,000,000
PAQ87969.barcode84,MAR2020-CLARA-ISP2-2,111,000,111,000,000,000,111,111,000,000,000,000
PAQ87969.barcode85,VIBO2023-Gr4-ISP2-16,111,000,111,100,000,110,000,111,000,000,000,000
PAQ87969.barcode86,MAR2020-SAED-ISP2-23,111,000,111,000,000,000,000,000,000,000,000,000
PAQ87969.barcode87,SILK2023-Gr14-ISP2-18,111,111,000,000,111,000,000,000,000,000,111,000
PAQ87969.barcode88,AKAT2023-Gr7-ISP2-14,111,000,111,000,000,000,111,000,000,000,111,000
PAQ87969.barcode89,BJE2020-SMH-ISP2-17,111,000,111,000,000,000,111,000,000,000,000,000
PAQ87969.barcode90,PAD2021-Gr5-ISP2-6,111,000,111,000,000,000,111,111,000,000,000,000
PAQ87969.barcode91,CELF2021-Gr2-ISP2-8,111,000,111,000,000,000,111,000,000,000,000,000
PAQ87969.barcode92,VHG2023-Gr2-ISP2-18,111,111,111,000,000,000,111,111,000,000,000,111
PAQ87969.barcode93,SILK2023-Gr14-ISP2-14,111,111,000,000,111,000,000,000,000,000,000,111
PAQ87969.barcode95,MIDD2022-Gr7-ISP2-4,111,111,000,111,111,000,000,000,000,000,111,111
PAQ87969.barcode33,VIBO2023-Gr3-10%NB-10,NA,NA,NA,NA,NA,NA,NA,NA,NA,NA,NA,NA
PAQ88969.barcode08,SILK2023-Gr7-AC-18,000,000,000,000,000,000,000,000,000,000,000,000
PAQ88969.barcode63,VIBO2023-Gr6-AC-17,000,000,000,000,000,000,000,000,000,000,000,000
PAQ88969.barcode71,VIBO2023-Gr2-AC-8,000,000,000,000,000,000,000,000,000,000,000,000
PAQ88969.barcode79,VIBO2023-Gr7-AC-13,000,000,000,000,000,000,000,000,000,000,000,000
PAQ88969.barcode84,EGAA2023-Gr1-PDA-14,000,000,000,000,000,000,000,111,000,000,000,000
PAQ88969.barcode03,PAD2021-Gr6-10%NB-2,000,000,111,111,111,111,000,000,111,111,111,111
PAQ88969.barcode07,SILK2023-Gr5-AC-15,000,000,111,000,000,000,111,000,000,000,000,000
PAQ88969.barcode20,MAR2021-Gr2-AC-32,000,000,000,000,000,000,100,000,100,110,000,000
PAQ88969.barcode31,MARS2023-Gr1-AC-8,000,000,000,111,000,000,000,000,000,000,000,000
PAQ88969.barcode35,AKAT2020-Gr5-10%NB-22,000,000,111,000,000,000,000,000,000,000,000,000
PAQ88969.barcode60,AAGV2022-Gr6-PDA-30,000,000,100,000,000,000,000,000,000,000,000,000
PAQ88969.barcode68,CELF2021-Gr4-PDA-19,000,000,111,000,000,000,000,111,000,000,000,000
PAQ88969.barcode70,SILK2023-Gr9-AC-7,000,110,001,100,000,111,000,111,110,111,111,000
PAQ88969.barcode76,HJØREUC2023-Gr1-PDA-2,000,000,000,000,000,000,000,111,000,000,000,000
PAQ88969.barcode78,SILK2023-Gr10-AC-14,000,000,000,000,000,000,111,000,000,000,000,000
PAQ88969.barcode80,HJØR2023-Gr6-AC-1,000,000,000,100,000,110,000,110,000,000,000,000
PAQ88969.barcode83,MARSAnne2022-Gr7-AC-15,000,001,011,011,000,011,111,011,111,111,111,000
PAQ88969.barcode59,HJØR2022-Gr5-AC-6,100,000,000,000,000,000,000,000,000,000,000,000
PAQ88969.barcode28,RØD2022-Gr7-AC-14,011,011,111,111,000,011,111,111,000,111,111,000
PAQ88969.barcode32,HJØR2023-Gr3-AC-16,110,000,000,000,000,011,110,000,110,000,100,000
PAQ88969.barcode54,SILK2023-Gr13-AC-11,110,000,000,000,000,000,000,000,000,000,000,000
PAQ88969.barcode67,MARS2BK2022-Gr3-AC-16,110,000,111,000,011,111,111,110,011,111,000,111
PAQ88969.barcode04,MIDD2022-Gr17-AC-5,111,100,110,000,000,100,111,000,000,000,000,000
PAQ88969.barcode11,ASG2021-Gr3-10%NB-7,111,000,110,000,000,000,000,000,000,000,000,000
PAQ88969.barcode12,MIDD2022-Gr17-AC-2,111,000,011,000,000,011,111,000,111,111,000,111
PAQ88969.barcode13,AAST2022-Gr1-PDA-7,111,000,100,000,000,000,111,000,000,000,000,000
PAQ88969.barcode16,SILK2023-Gr8-AC-10,111,000,111,000,111,111,111,111,000,111,000,000
PAQ88969.barcode24,SILK2023-Gr15-AC-14,111,111,111,111,111,111,111,111,111,111,111,111
PAQ88969.barcode27,MAR2020-SAED-10%NB-22,111,000,111,111,000,000,111,111,000,111,000,111
PAQ88969.barcode36,CELF2021-Gr2-ISP2-2,111,000,111,000,000,111,111,000,000,111,000,000
PAQ88969.barcode38,SILK2023-Gr15-AC-13,111,000,111,100,000,110,111,000,000,000,100,000
PAQ88969.barcode39,VIBO2023-Gr14-AC-15,111,000,111,000,000,000,111,000,000,000,000,000
PAQ88969.barcode40,HJØR2023-Gr3-AC-18,111,011,111,000,110,011,000,111,111,110,000,000
PAQ88969.barcode43,MUNK2022-Gr13-10%NB-16,111,000,111,000,000,000,111,111,000,000,000,000
PAQ88969.barcode44,CELF2021-Gr4-PDA-4,111,000,111,000,000,000,111,111,000,000,000,000
PAQ88969.barcode46,SILK2023-Gr13-AC-9,111,110,000,001,000,110,111,111,111,111,111,111
PAQ88969.barcode47,VIBO2023-Gr14-AC-11,111,000,111,000,000,111,111,000,000,000,000,000
PAQ88969.barcode48,HJØR2023-Gr1-AC-5,111,100,110,000,000,000,111,110,000,000,000,000
PAQ88969.barcode51,SKAND3z2021-Gr3-10%NB-16,111,000,111,000,000,000,111,111,000,000,000,000
PAQ88969.barcode52,AAST2022-Gr1-PDA-7,111,000,100,000,000,000,111,000,000,000,000,000
PAQ88969.barcode55,VIBO2023-Gr13-AC-19,111,000,111,000,111,111,111,111,000,111,000,000
PAQ88969.barcode56,HJØR2023-Gr4-AC-15,111,000,000,000,000,000,000,000,000,000,000,000
PAQ88969.barcode62,SILK2023-Gr11-AC-14,111,000,111,000,000,000,111,000,000,000,000,000
PAQ88969.barcode64,HJØR2023-Gr4-AC-17,111,000,111,000,000,000,111,000,000,000,000,000
PAQ88969.barcode72,HJØR2023-Gr5-AC-8,111,000,000,000,100,110,111,000,000,000,000,000
PAQ88969.barcode74,HJØR2022-Gr11-ISP2-8,111,000,000,000,100,100,111,000,000,000,000,000
PAQ88969.barcode75,CELF2021-Gr3-AC-8,111,111,111,110,111,000,101,011,011,110,000,011
PAQ88969.barcode82,BJE2020-Gr1-10%NB-6,111,000,111,000,000,000,111,000,000,000,000,000
PAQ88969.barcode86,SILK2023-Gr8-AC-11,111,000,111,000,111,111,111,000,000,111,000,000
PAQ88969.barcode87,SILK2023-Gr18-AC-20,111,111,111,111,111,111,111,111,111,111,111,111
PAQ88969.barcode90,BJE2020-Gr1-10%NB-7,111,000,111,000,000,111,111,000,000,000,000,000
PAQ88969.barcode92,AAST2022-Gr7-PDA-2,111,000,111,000,111,111,111,111,111,000,000,000
PAQ88969.barcode94,SILK2023-Gr8-AC-17,111,111,111,111,111,111,111,111,111,111,111,111
PAQ88969.barcode95,SILK2023-Gr15-AC-16,111,000,111,111,000,111,000,110,100,111,000,111
PAQ88969.barcode96,CELF2021-Gr4-PDA-4,111,000,111,000,000,000,111,111,000,000,000,000
PAQ88969.barcode05,MKM2023-1.4,NA,NA,NA,NA,NA,NA,NA,NA,NA,NA,NA,NA
PAQ88969.barcode06,AKAT2023-Gr3-AC-10,NA,NA,NA,NA,NA,NA,NA,NA,NA,NA,NA,NA
PAQ88969.barcode14,AKAT2023-Gr1-AC-5,NA,NA,NA,NA,NA,NA,NA,NA,NA,NA,NA,NA
PAQ88969.barcode15,SILK2023-Gr6-AC-25,NA,NA,NA,NA,NA,NA,NA,NA,NA,NA,NA,NA
PAQ88969.barcode19,VIBO2023-Gr3-10%NB-3,NA,NA,NA,NA,NA,NA,NA,NA,NA,NA,NA,NA
PAQ88969.barcode21,MKM2023-1.5.1,NA,NA,NA,NA,NA,NA,NA,NA,NA,NA,NA,NA
PAQ88969.barcode22,AKAT2023-Gr1-AC-10,NA,NA,NA,NA,NA,NA,NA,NA,NA,NA,NA,NA
PAQ88969.barcode23,GG2023-Gr2-AC-1,NA,NA,NA,NA,NA,NA,NA,NA,NA,NA,NA,NA
PAQ88969.barcode29,MKM2023-1.5.2,NA,NA,NA,NA,NA,NA,NA,NA,NA,NA,NA,NA
PAQ88969.barcode30,MARS2023-Gr12-AC-19,NA,NA,NA,NA,NA,NA,NA,NA,NA,NA,NA,NA
PAQ88969.barcode37,MKM2023-1.5.3,NA,NA,NA,NA,NA,NA,NA,NA,NA,NA,NA,NA
PAQ88969.barcode45,MKM2023-1.5.4,NA,NA,NA,NA,NA,NA,NA,NA,NA,NA,NA,NA
PAQ88969.barcode53,MKM2023-1.5.5,NA,NA,NA,NA,NA,NA,NA,NA,NA,NA,NA,NA
PAQ88969.barcode61,MARS2023-Gr1-AC-5,NA,NA,NA,NA,NA,NA,NA,NA,NA,NA,NA,NA
PAQ88969.barcode69,GLHE2023-Gr8-AC-9,NA,NA,NA,NA,NA,NA,NA,NA,NA,NA,NA,NA
PAQ88969.barcode77,MARS2023-Gr11-AC-8,NA,NA,NA,NA,NA,NA,NA,NA,NA,NA,NA,NA
PAQ88969.barcode85,MARS2023-Gr11-AC-11,NA,NA,NA,NA,NA,NA,NA,NA,NA,NA,NA,NA
PAQ88969.barcode91,MAR2020-JAR-AC-9,NA,NA,NA,NA,NA,NA,NA,NA,NA,NA,NA,NA
PAQ88969.barcode93,MARS2023-Gr8-AC-3,NA,NA,NA,NA,NA,NA,NA,NA,NA,NA,NA,NA
PAQ89233.barcode08,PAD2023-Gr2-AC-2,000,000,000,000,000,000,000,000,000,000,000,000
PAQ89233.barcode43,HJØSTX2023-Gr3-ISP2-2,000,000,000,000,000,000,000,000,000,000,000,000
PAQ89233.barcode47,HASS2023-Gr6-ISP2-16,000,000,000,000,000,000,000,000,000,000,000,000
PAQ89233.barcode49,HASS2023-Gr6-ISP2-11,000,000,000,000,000,000,000,000,000,000,000,000
PAQ89233.barcode07,FJER2023-Gr2-AC-6,000,000,111,000,000,111,111,000,000,000,111,000
PAQ89233.barcode15,SILK2023-Gr3-AC-5,000,000,000,111,000,000,000,000,000,000,000,000
PAQ89233.barcode17,AAGV2022-Gr1-AC-16,000,100,000,000,100,000,000,100,111,110,111,110
PAQ89233.barcode19,SILK2023-Gr2-AC-17,000,000,000,000,000,111,000,000,000,000,000,000
PAQ89233.barcode21,HJØRSTX2023-Gr2-AC-2,000,000,000,000,000,100,000,000,000,000,000,000
PAQ89233.barcode31,FJER2023-Gr7-AC-18,000,100,000,100,000,100,000,110,100,000,000,000
PAQ89233.barcode33,VHG2023-Gr6-AC-7,000,000,110,001,000,000,000,011,000,000,000,000
PAQ89233.barcode39,EGAA2023-Gr4-AC-9,000,000,101,111,000,110,000,000,111,000,000,000
PAQ89233.barcode41,STG2023-Gr1-ISP2-7,000,000,000,000,011,111,000,000,000,011,000,000
PAQ89233.barcode59,MARS2023-Gr5-LB-16,000,000,111,111,000,110,000,110,111,000,000,000
PAQ89233.barcode64,VHG2023-Gr5-BHI-13,000,000,000,000,111,111,000,000,000,000,111,000
PAQ89233.barcode66,VHG2023-Gr4-BHI-16,000,111,111,111,111,000,000,001,110,111,111,111
PAQ89233.barcode09,EGAA2023-Gr9-AC-17,100,000,111,000,000,001,000,000,000,000,000,000
PAQ89233.barcode28,VHG2023-Gr6-AC-4,100,000,000,000,000,000,000,000,000,000,111,000
PAQ89233.barcode51,VHG2023-Gr7-ISP2-15,100,000,000,100,110,100,000,000,000,111,111,000
PAQ89233.barcode03,AAK2023-Gr3-AC-16,110,000,000,000,000,000,000,000,000,000,000,000
PAQ89233.barcode04,AAGV2022-Gr5-AC-2,011,011,111,000,011,110,111,111,000,111,000,111
PAQ89233.barcode11,EGAA2023-Gr2-AC-3,110,000,111,110,000,110,000,000,000,000,000,000
PAQ89233.barcode22,VHG2023-Gr11-AC-5,110,111,000,011,000,011,111,000,100,000,111,000
PAQ89233.barcode34,EGAA2023-Gr3-AC-2,110,000,110,111,111,110,111,111,011,110,111,011
PAQ89233.barcode37,EGAA2023-Gr2-AC-8,110,000,000,000,100,110,110,111,111,000,110,110
PAQ89233.barcode40,EGAA2023-Gr8-AC-17,110,110,000,001,110,110,111,000,100,110,000,000
PAQ89233.barcode42,FJER2023-Gr6-ISP2-12,011,000,101,000,011,111,000,000,000,111,111,000
PAQ89233.barcode45,STG2023-Gr1-ISP2-14,110,110,111,111,000,111,111,110,110,110,111,111
PAQ89233.barcode46,STG2023-Gr1-ISP2-18,110,110,111,111,000,111,111,110,110,110,111,111
PAQ89233.barcode52,VHG2023-Gr2-ISP2-17,110,000,110,000,000,000,111,000,000,110,000,000
PAQ89233.barcode65,SILK2023-Gr2-BHI-5,110,000,110,111,000,110,111,000,000,000,000,000
PAQ89233.barcode76,HJØRSTX2023-Gr1-AC-20,110,100,000,000,110,000,000,000,000,000,110,000
PAQ89233.barcode05,AAGV2022-Gr5-AC-1,111,011,111,000,110,011,111,111,000,111,000,111
PAQ89233.barcode06,VHG2023-Gr11-AC-7,111,000,111,000,111,111,111,000,000,000,000,000
PAQ89233.barcode12,PAD2023-Gr3-AC-12,111,000,000,000,000,000,111,000,000,000,000,000
PAQ89233.barcode13,SILK2023-Gr3-AC-6,111,111,111,111,111,111,111,111,111,111,111,111
PAQ89233.barcode16,FJER2023-Gr4-AC-4,111,111,000,111,011,111,000,000,111,111,111,111
PAQ89233.barcode18,AAGV2022-Gr2-AC-4,111,000,111,000,111,111,011,000,000,000,000,000
PAQ89233.barcode20,EGAA2023-Gr10-AC-16,111,000,110,000,110,111,000,111,111,000,111,111
PAQ89233.barcode23,PADE2023-Gr3-AC-6,111,000,000,000,000,000,111,000,000,000,111,000
PAQ89233.barcode24,AAGV2022-Gr1-AC-8,111,111,111,111,111,111,111,111,111,111,111,111
PAQ89233.barcode25,AAGV2022-Gr1-AC-10,111,000,000,000,000,111,111,000,111,000,000,000
PAQ89233.barcode26,HJØREUC2023-Gr3-AC-1,111,000,110,111,110,111,111,110,000,110,110,000
PAQ89233.barcode29,VHG2023-Gr6-AC-3,111,000,000,000,000,000,111,000,100,000,000,000
PAQ89233.barcode32,VHG2023-Gr6-AC-1,111,000,111,000,000,011,111,111,000,011,000,000
PAQ89233.barcode35,PADE2023-Gr10-AC-5,111,000,000,000,000,000,111,000,000,000,000,000
PAQ89233.barcode36,HJØREUC2023-Gr2-AC-14,111,111,111,111,111,111,111,111,111,111,111,111
PAQ89233.barcode38,EGAA2023-Gr10-AC-18,111,000,101,000,110,110,000,111,111,000,111,111
PAQ89233.barcode48,HASS2023-Gr6-ISP2-12,111,000,000,000,000,000,111,000,000,000,000,000
PAQ89233.barcode50,HASS2023-Gr6-ISP2-14,111,000,110,000,000,000,111,000,000,000,000,000
PAQ89233.barcode60,DRON2023-Gr6-LB-9,111,000,111,110,110,000,111,111,111,111,110,000
PAQ89233.barcode63,VHG2023-Gr4-BHI-4,111,100,111,101,000,110,111,111,100,000,000,000
PAQ89233.barcode67,EGAA2023-Gr3-BHI-20,111,000,111,000,111,111,111,110,000,000,111,000
PAQ89233.barcode68,VIBO2022-Gr1-BHI-3,111,111,000,111,111,111,111,111,111,111,111,111
PAQ89233.barcode69,VIBO2022-Gr1-BHI-2,111,111,000,111,111,111,111,111,111,111,111,111
PAQ89233.barcode72,HJØR2023-Gr2-BHI-1,111,111,000,110,111,111,111,110,100,111,111,111
PAQ89233.barcode74,VHG2023-Gr6-AC-1,111,000,111,000,000,011,111,111,000,011,000,000
PAQ89233.barcode75,EGAA2023-Gr3-AC-11,111,111,111,111,011,111,111,111,111,111,111,111
PAQ89233.barcode10,PAD2023-Gr3-AC-14,NA,NA,NA,NA,NA,NA,NA,NA,NA,NA,NA,NA
PAQ89233.barcode14,PAD2023-Gr3-AC-17,NA,NA,NA,NA,NA,NA,NA,NA,NA,NA,NA,NA
PAQ89233.barcode27,MARSANNE2022-Gr2-AC-10,NA,NA,NA,NA,NA,NA,NA,NA,NA,NA,NA,NA
PAQ89233.barcode30,EGAA2023-Gr1-AC-12,NA,NA,NA,NA,NA,NA,NA,NA,NA,NA,NA,NA
PAQ89233.barcode44,HJØSTX2023-Gr3-ISP2-3,NA,NA,NA,NA,NA,NA,NA,NA,NA,NA,NA,NA
PAQ89233.barcode53,FJE2023-Gr2-LB-1,NA,NA,NA,NA,NA,NA,NA,NA,NA,NA,NA,NA
PAQ89233.barcode54,MARSANNE2022-Gr2-LB-17,NA,NA,NA,NA,NA,NA,NA,NA,NA,NA,NA,NA
PAQ89233.barcode55,MARSANNE2022-Gr2-LB-16,NA,NA,NA,NA,NA,NA,NA,NA,NA,NA,NA,NA
PAQ89233.barcode56,MARSANNE2022-Gr1-LB-11,NA,NA,NA,NA,NA,NA,NA,NA,NA,NA,NA,NA
PAQ89233.barcode57,MARSANNE2022-Gr1-LB-10,NA,NA,NA,NA,NA,NA,NA,NA,NA,NA,NA,NA
PAQ89233.barcode58,MARSANNE2022-Gr2-LB-15,NA,NA,NA,NA,NA,NA,NA,NA,NA,NA,NA,NA
PAQ89233.barcode61,HJØEUC2023-Gr4-LB-1,NA,NA,NA,NA,NA,NA,NA,NA,NA,NA,NA,NA
PAQ89233.barcode62,HJØEUC2023-Gr4-LB-15,NA,NA,NA,NA,NA,NA,NA,NA,NA,NA,NA,NA
PAQ89233.barcode70,EGAA2023-Gr6-BHI-2,NA,NA,NA,NA,NA,NA,NA,NA,NA,NA,NA,NA
PAQ89233.barcode71,SKAND2023-Gr3-BHI-9,NA,NA,NA,NA,NA,NA,NA,NA,NA,NA,NA,NA
PAQ89233.barcode73,MARS2023-Gr1-AC-3,NA,NA,NA,NA,NA,NA,NA,NA,NA,NA,NA,NA
PAW76169.barcode32,MAR2020-JAR-AC-4,000,000,000,000,000,000,000,000,000,000,000,000
PAW76169.barcode38,PAD2023-Gr2-AC-2,000,000,000,000,000,000,000,000,000,000,000,000
PAW76169.barcode42,PADE2023-Gr3-AC-17,000,000,000,000,000,000,000,000,000,000,000,000
PAW76169.barcode53,VHG2023-Gr2-AC-2,000,000,000,000,000,000,000,000,000,000,000,000
PAW76169.barcode75,SIL-12-03-24-Gr11-ISP2-13,000,000,000,000,000,000,000,000,000,000,000,000
PAW76169.barcode88,VIBY2021-Gr5-ISP2-19,000,000,000,000,000,000,000,000,000,000,000,000
PAW76169.barcode02,AAGV2022-Gr1-AC-16,000,100,000,000,100,000,000,100,111,110,111,110
PAW76169.barcode05,AKAT2020-Gr5-10%NB-22,000,000,111,000,000,000,000,000,000,000,000,000
PAW76169.barcode07,CELF2021-Gr3-10%NB-13,000,000,111,000,000,000,000,000,000,000,000,000
PAW76169.barcode16,FJER2023-Gr7-AC-18,000,100,000,100,000,100,000,110,100,000,000,000
PAW76169.barcode17,GLHE2023-Gr8-10%NB-18,000,000,111,111,111,111,000,000,111,111,111,111
PAW76169.barcode21,HJØR2023-Gr7-AC-2,000,000,000,000,000,110,000,111,111,000,110,000
PAW76169.barcode27,HJØREUC2023-Gr1-PDA-6,000,000,000,000,111,100,000,111,000,000,111,000
PAW76169.barcode28,HJØREUC2023-Gr2-AC-1,000,000,000,000,000,000,111,000,111,000,110,000
PAW76169.barcode34,MARS2023-Gr5-LB-16,000,000,111,111,000,110,000,110,111,000,000,000
PAW76169.barcode56,VHG2023-Gr5-BHI-13,000,000,000,000,111,111,000,000,000,000,111,000
PAW76169.barcode59,VIBO2023-Gr11-AC-7,000,000,111,000,000,000,111,111,000,000,000,000
PAW76169.barcode61,AAST2022-Gr1-BHI-8,000,000,000,000,000,111,000,000,000,000,000,000
PAW76169.barcode62,AGS-10-04-24-Gr18-AC-10,000,000,100,000,000,000,000,100,000,000,000,000
PAW76169.barcode64,ALSS2023-Gr11-PDA-15,000,000,111,000,000,110,111,111,111,000,000,000
PAW76169.barcode65,FAV-31-01-2024-GR4-ISP2-9,000,000,000,000,000,000,000,111,000,000,000,000
PAW76169.barcode67,HJØ-13-03-24-Gr2-AC-14,000,000,110,000,000,000,000,000,000,000,000,000
PAW76169.barcode68,HJØ-13-03-24-Gr7-AC-5,000,110,110,110,110,000,000,110,000,000,000,000
PAW76169.barcode71,HJØREUC2023-Gr1-PDA-2,000,000,000,000,000,000,000,111,000,000,000,000
PAW76169.barcode80,SIL-12-03-24-Gr9-AC-2,000,000,000,000,000,111,000,000,000,000,000,000
PAW76169.barcode82,SIL-21-02-2024-Gr4-ISP2-8,000,000,111,000,111,111,000,000,111,000,111,000
PAW76169.barcode83,SIL-21-02-2024-Gr7-PDA-9,000,000,111,000,000,000,111,111,111,000,000,000
PAW76169.barcode86,VIB-28-02-24-Gr4-AC-7,000,000,111,000,000,000,000,000,000,000,000,000
PAW76169.barcode87,VIBO2023-Gr12-R2A-15,000,000,111,000,000,000,111,111,000,000,000,000
PAW76169.barcode95,PADE2023-Gr4-PDA-14,000,000,000,100,111,111,000,111,000,111,111,111
PAW76169.barcode58,VHG2023-Gr6-AC-4,100,000,000,000,000,000,000,000,000,000,111,000
PAW76169.barcode70,HJØR2022-Gr5-AC-6,100,000,000,000,000,000,000,000,000,000,000,000
PAW76169.barcode90,ÅGS-07-02-2024-GR3-AC-10,100,110,110,111,110,110,110,110,110,000,000,000
PAW76169.barcode96,PADE2023-Gr4-PDA-8,100,000,000,000,111,111,000,111,000,111,111,111
PAW76169.barcode11,EGAA2023-Gr2-AC-8,110,000,000,000,100,110,110,111,111,000,110,110
PAW76169.barcode14,FJER2023-Gr2-LB-1,110,000,000,000,110,111,111,000,111,000,111,000
PAW76169.barcode15,FJER2023-Gr6-ISP2-14,101,000,100,000,110,111,000,000,000,111,111,000
PAW76169.barcode31,HJØRSTX2023-Gr1-AC-20,110,100,000,000,110,000,000,000,000,000,110,000
PAW76169.barcode41,PADE2023-Gr3-AC-14,110,000,111,000,000,000,111,111,000,000,000,110
PAW76169.barcode47,SILK2023-Gr2-BHI-5,110,000,110,111,000,110,111,000,000,000,000,000
PAW76169.barcode51,STG2023-Gr1-ISP2-18,110,110,111,111,000,111,111,110,110,110,111,111
PAW76169.barcode54,VHG2023-Gr2-ISP2-17,110,000,110,000,000,000,111,000,000,110,000,000
PAW76169.barcode63,ALSS2023-Gr11-PDA-11,110,000,111,000,000,110,111,111,000,000,000,000
PAW76169.barcode78,SIL-12-03-24-Gr7-AC-5,110,111,111,111,110,111,100,111,111,111,110,111
PAW76169.barcode81,SIL-21-02-2024-Gr18-PDA-15,110,100,000,000,000,110,100,111,000,000,000,000
PAW76169.barcode84,SILK2023-Gr13-AC-11,110,000,000,000,000,000,000,000,000,000,000,000
PAW76169.barcode93,HJØR2022-Gr7-AC-10,110,110,000,000,000,100,111,000,000,111,000,000
PAW76169.barcode01,HJØR2023-Gr4-AC-5,111,000,000,000,000,111,000,000,000,000,000,000
PAW76169.barcode03,AAGV2022-Gr1-AC-8,111,111,111,111,111,111,111,111,111,111,111,111
PAW76169.barcode04,AAST2022-Gr1-PDA-7,111,000,100,000,000,000,111,000,000,000,000,000
PAW76169.barcode06,BJE2020-Gr1-10%NB-6,111,000,111,000,000,000,111,000,000,000,000,000
PAW76169.barcode08,DRON2023-Gr6-LB-9,111,000,111,110,110,000,111,111,111,111,110,000
PAW76169.barcode09,EGAA2023-Gr10-AC-16,111,000,110,000,110,111,000,111,111,000,111,111
PAW76169.barcode10,EGAA2023-Gr10-AC-18,111,000,101,000,110,110,000,111,111,000,111,111
PAW76169.barcode12,EGAAG2023-Gr6-BHI-2,111,000,110,000,000,000,111,111,000,000,000,000
PAW76169.barcode13,FJER2023-Gr1-AC-23,111,000,111,000,000,000,111,111,000,000,000,000
PAW76169.barcode18,HASS2023-Gr6-ISP2-14,111,000,110,000,000,000,111,000,000,000,000,000
PAW76169.barcode20,HJØR2023-Gr2-BHI-1,111,111,000,110,111,111,111,110,100,111,111,111
PAW76169.barcode23,HJØR2023-Gr7-PDA-13,111,000,111,111,111,111,111,111,000,111,111,000
PAW76169.barcode24,HJØR2023-Gr7-PDA-6,111,000,111,111,111,111,111,111,000,111,111,000
PAW76169.barcode25,HJØR2023-Gr7-PDA-8,111,000,111,111,111,111,111,111,000,111,111,000
PAW76169.barcode26,HJØR2023-Gr7-PDA-9,111,000,111,111,111,111,111,111,000,111,111,000
PAW76169.barcode29,HJØREUC2023-Gr2-AC-4,111,000,000,000,000,110,000,000,000,000,100,000
PAW76169.barcode30,HJØREUC2023-Gr4-LB-15,111,000,100,110,111,000,111,110,111,111,111,100
PAW76169.barcode33,MAR2020-SAED-10%NB-22,111,000,111,111,000,000,111,111,000,111,000,111
PAW76169.barcode35,MARSAnne2022-Gr2-LB-17,111,000,100,000,000,000,111,111,000,000,000,000
PAW76169.barcode36,MIDD2022-Gr17-AC-5,111,100,110,000,000,100,111,000,000,000,000,000
PAW76169.barcode37,MUNK2022-Gr13-10%NB-16,111,000,111,000,000,000,111,111,000,000,000,000
PAW76169.barcode39,PADE2023-Gr1-AC-7,111,000,000,000,000,000,111,000,000,000,000,000
PAW76169.barcode40,PADE2023-Gr10-AC-5,111,000,000,000,000,000,111,000,000,000,000,000
PAW76169.barcode44,PADE2023-Gr4-PDA-2,111,000,111,100,111,111,111,111,000,100,111,111
PAW76169.barcode45,PADE2023-Gr4-PDA-3,111,000,000,000,111,000,111,000,000,000,111,111
PAW76169.barcode48,SILK2023-Gr3-AC-6,111,111,111,111,111,111,111,111,111,111,111,111
PAW76169.barcode49,SKAN2023-Gr3-BHI-9,111,110,110,000,111,111,111,111,110,111,111,000
PAW76169.barcode50,SKAND3z2021-Gr3-10%NB-16,111,000,111,000,000,000,111,111,000,000,000,000
PAW76169.barcode52,VHG2023-Gr11-AC-7,111,000,111,000,111,111,111,000,000,000,000,000
PAW76169.barcode55,VHG2023-Gr4-BHI-4,111,100,111,101,000,110,111,111,100,000,000,000
PAW76169.barcode57,VHG2023-Gr6-AC-1,111,000,111,000,000,011,111,111,000,011,000,000
PAW76169.barcode60,VIBO2023-Gr3-AC-20,111,000,111,000,000,000,111,111,000,000,000,000
PAW76169.barcode66,GLHE2023-Gr5-BHI-3,111,000,111,000,000,111,111,111,000,111,000,000
PAW76169.barcode69,HJØR2022-Gr11-ISP2-8,111,000,000,000,100,100,111,000,000,000,000,000
PAW76169.barcode72,MAR2020-CLARA-ISP2-2,111,000,111,000,000,000,111,111,000,000,000,000
PAW76169.barcode73,MAR2020-SAED-ISP2-23,111,000,111,000,000,000,000,000,000,000,000,000
PAW76169.barcode74,ODS-13-03-24-Gr15-AC-5,111,111,111,111,111,111,111,111,111,111,111,111
PAW76169.barcode76,SIL-12-03-24-Gr7-AC-2,111,111,111,111,110,111,111,111,111,110,110,111
PAW76169.barcode77,SIL-12-03-24-Gr7-AC-3,111,000,111,000,000,000,111,111,000,000,000,000
PAW76169.barcode79,SIL-12-03-24-Gr8-AC-15,111,000,111,000,000,111,111,000,000,111,000,000
PAW76169.barcode85,VHG2023-Gr7-ISP2-19,111,000,111,000,000,000,111,111,000,000,000,000
PAW76169.barcode89,ÅGS-07-02-2024-GR2-AC-9,111,000,111,000,000,000,100,000,000,000,000,000
PAW76169.barcode91,ÅGS-07-02-2024-GR5-AC-10,111,000,111,000,000,000,111,000,000,000,000,000
PAW76169.barcode94,HJØR2023-Gr7-AC-3,111,000,000,110,110,111,111,111,110,111,111,000
PBI66098.barcode27,MDG2023-Gr2-10%NB-4,000,000,111,000,000,000,NA,111,000,000,000,000
PBI66098.barcode86,VEJ-301025-GR1-PDA-1,000,000,000,000,000,000,000,000,000,000,000,000
PBI66098.barcode87,AASS-011225-GR6-PDA-5,000,000,000,000,000,000,000,000,000,000,000,000
PBI66098.barcode88,360-011225-GR1-PDA-17,000,000,000,000,000,000,000,000,000,000,000,000
PBI66098.barcode89,AASS-011225-GR6-PDA-9,000,000,000,000,000,000,000,000,111,000,000,000
PBI66098.barcode90,360-011225-GR1-PDA-13,000,000,000,000,000,000,000,000,000,000,000,000
PBI66098.barcode91,AASS-011225-GR4-PDA-10,000,000,000,000,000,000,000,000,000,000,000,000
PBI66098.barcode92,AASS-011225-GR4-PDA-5,000,000,000,000,000,000,000,000,000,000,000,000
PBI66098.barcode93,AASS-011225-GR6-PDA-8,000,000,000,000,000,000,000,110,000,000,000,000
PBI66098.barcode95,TGS-091025-GR3-PDA-6,000,000,000,000,000,000,000,000,000,000,000,000
PBI66098.barcode96,TGS-091025-GR3-PDA-8,000,000,000,000,000,000,000,000,000,000,000,000
PBI66098.barcode77,HOLS2023-GR10-AC-16,011,111,111,111,111,111,111,011,111,111,111,111
PBI66098.barcode20,SKIV2023-Gr7-AC-6,111,111,111,111,111,111,111,111,111,111,111,111
PBI66098.barcode21,SILK2023-Gr11-PDA-3,111,111,111,111,111,111,NA,111,111,111,111,000
PBI66098.barcode26,SILK2023-Gr11-PDA-6,111,111,NA,111,111,000,NA,111,111,111,100,111
PBI66098.barcode44,HOLS2023-GR12-R2A-12,111,000,111,000,000,000,111,110,000,111,000,111
PBI66098.barcode55,VIBY2023-GR8-AC-22,111,111,111,111,111,111,111,111,111,111,111,111
PBI66098.barcode94,AASS-011225-GR4-PDA-4,111,000,111,000,000,000,111,110,111,000,000,000
PBI66098.barcode01,AL290920-ISP2-14,NA,NA,NA,NA,NA,NA,NA,NA,NA,NA,NA,NA
PBI66098.barcode02,AL290920-ISP2-15,NA,NA,NA,NA,NA,NA,NA,NA,NA,NA,NA,NA
PBI66098.barcode03,AL290920-ISP2-1,NA,NA,NA,NA,NA,NA,NA,NA,NA,NA,NA,NA
PBI66098.barcode04,AL290920-ISP2-10,NA,NA,NA,NA,NA,NA,NA,NA,NA,NA,NA,NA
PBI66098.barcode05,AL290920-ISP2-8,NA,NA,NA,NA,NA,NA,NA,NA,NA,NA,NA,NA
PBI66098.barcode06,AL290920-ISP2-4,NA,NA,NA,NA,NA,NA,NA,NA,NA,NA,NA,NA
PBI66098.barcode07,AL290920-ISP2-3,NA,NA,NA,NA,NA,NA,NA,NA,NA,NA,NA,NA
PBI66098.barcode08,AL290920-ISP2-7,NA,NA,NA,NA,NA,NA,NA,NA,NA,NA,NA,NA
PBI66098.barcode09,AL290920-ISP2-12,NA,NA,NA,NA,NA,NA,NA,NA,NA,NA,NA,NA
PBI66098.barcode10,AL290920-ISP2-9,NA,NA,NA,NA,NA,NA,NA,NA,NA,NA,NA,NA
PBI66098.barcode11,AL290920-ISP2-13,NA,NA,NA,NA,NA,NA,NA,NA,NA,NA,NA,NA
PBI66098.barcode12,AL290920-ISP2-11,NA,NA,NA,NA,NA,NA,NA,NA,NA,NA,NA,NA
PBI66098.barcode13,AL290920-TSA-1,NA,NA,NA,NA,NA,NA,NA,NA,NA,NA,NA,NA
PBI66098.barcode14,AL290920-ISP2-16,NA,NA,NA,NA,NA,NA,NA,NA,NA,NA,NA,NA
PBI66098.barcode15,AL290920-ISP2-6,NA,NA,NA,NA,NA,NA,NA,NA,NA,NA,NA,NA
PBI66098.barcode16,ODS-130324-GR16-AC-11,NA,NA,NA,NA,NA,NA,NA,NA,NA,NA,NA,NA
PBI66098.barcode17,RIS-030424-Gr5-R2A-4,NA,NA,NA,NA,NA,NA,NA,NA,NA,NA,NA,NA
PBI66098.barcode18,GHL-280824-Gr7-10%NB-7,NA,NA,NA,NA,NA,NA,NA,NA,NA,NA,NA,NA
PBI66098.barcode23,SILK-210224-Gr7-PDA-1,NA,NA,NA,NA,NA,NA,NA,NA,NA,NA,NA,NA
PBI66098.barcode24,ÅGS-070224-Gr7-BHI-1,NA,NA,NA,NA,NA,NA,NA,NA,NA,NA,NA,NA
PBI66098.barcode25,GLH-120924-Gr3_PDA-18,NA,NA,NA,NA,NA,NA,NA,NA,NA,NA,NA,NA
PBI66098.barcode28,FAVR2023-Gr1-ISP2-6,NA,NA,NA,NA,NA,NA,NA,NA,NA,NA,NA,NA
PBI66098.barcode29,AGS-100424-Gr15-AC-4,NA,NA,NA,NA,NA,NA,NA,NA,NA,NA,NA,NA
PBI66098.barcode30,SIL-280224-GR16-BHI-19,NA,NA,NA,NA,NA,NA,NA,NA,NA,NA,NA,NA
PBI66098.barcode31,GHL-120924-GR8-PDA-7,NA,NA,NA,NA,NA,NA,NA,NA,NA,NA,NA,NA
PBI66098.barcode32,ODS-130324-GR15-NB-15,NA,NA,NA,NA,NA,NA,NA,NA,NA,NA,NA,NA
PBI66098.barcode33,SKIV2023-GR4-AC-2,NA,NA,NA,NA,NA,NA,NA,NA,NA,NA,NA,NA
PBI66098.barcode34,RIS-030424-GR5-R2A-3,NA,NA,NA,NA,NA,NA,NA,NA,NA,NA,NA,NA
PBI66098.barcode35,ÅGS-070224-Gr6-10%NB-5,NA,NA,NA,NA,NA,NA,NA,NA,NA,NA,NA,NA
PBI66098.barcode36,BJG-240424-Gr4-ISP2-16,NA,NA,NA,NA,NA,NA,NA,NA,NA,NA,NA,NA
PBI66098.barcode37,GLH-280824-Gr7-10%NB-4,NA,NA,NA,NA,NA,NA,NA,NA,NA,NA,NA,NA
PBI66098.barcode38,HOLS2023-GR14-AC-5,NA,NA,NA,NA,NA,NA,NA,NA,NA,NA,NA,NA
PBI66098.barcode39,SILK-280224-GR14-AC-5,NA,NA,NA,NA,NA,NA,NA,NA,NA,NA,NA,NA
PBI66098.barcode40,VIBY-180925-GR6-LB-9,NA,NA,NA,NA,NA,NA,NA,NA,NA,NA,NA,NA
PBI66098.barcode41,HOLS2023-GR14-AC-6,NA,NA,NA,NA,NA,NA,NA,NA,NA,NA,NA,NA
PBI66098.barcode42,AGS-100424-GR15-AC-3,NA,NA,NA,NA,NA,NA,NA,NA,NA,NA,NA,NA
PBI66098.barcode43,VIBY-180925-GR4-LB-16,NA,NA,NA,NA,NA,NA,NA,NA,NA,NA,NA,NA
PBI66098.barcode45,VIBY-180925-GR2-ISP2-19,NA,NA,NA,NA,NA,NA,NA,NA,NA,NA,NA,NA
PBI66098.barcode46,SILK2023-GR8-AC-13,NA,NA,NA,NA,NA,NA,NA,NA,NA,NA,NA,NA
PBI66098.barcode47,ÅGS-070224-GR4-AC-10,NA,NA,NA,NA,NA,NA,NA,NA,NA,NA,NA,NA
PBI66098.barcode48,SKIV2023-GR7-AC-10,NA,NA,NA,NA,NA,NA,NA,NA,NA,NA,NA,NA
PBI66098.barcode49,VIBY-180925-GR2-ISP2-20,NA,NA,NA,NA,NA,NA,NA,NA,NA,NA,NA,NA
PBI66098.barcode50,AGS-100424-GR9-AC-4,NA,NA,NA,NA,NA,NA,NA,NA,NA,NA,NA,NA
PBI66098.barcode51,AGC-190124-GR6-R2A-11,NA,NA,NA,NA,NA,NA,NA,NA,NA,NA,NA,NA
PBI66098.barcode52,BIRK-160925-GR7-LB-1,NA,NA,NA,NA,NA,NA,NA,NA,NA,NA,NA,NA
PBI66098.barcode53,SILK-210224-GR2-ISP2-4,NA,NA,NA,NA,NA,NA,NA,NA,NA,NA,NA,NA
PBI66098.barcode54,AGS-100424-GR12-AC-1,NA,NA,NA,NA,NA,NA,NA,NA,NA,NA,NA,NA
PBI66098.barcode56,VIBY-180925-GR6-LB-17,NA,NA,NA,NA,NA,NA,NA,NA,NA,NA,NA,NA
PBI66098.barcode57,MARS-190925-GR3-ISP2-2,NA,NA,NA,NA,NA,NA,NA,NA,NA,NA,NA,NA
PBI66098.barcode58,BIRK-160925-GR5-10%NB-3,NA,NA,NA,NA,NA,NA,NA,NA,NA,NA,NA,NA
PBI66098.barcode59,SIL-120324-GR5-AC-8,NA,NA,NA,NA,NA,NA,NA,NA,NA,NA,NA,NA
PBI66098.barcode60,AGS-100424-GR13-AC-5,NA,NA,NA,NA,NA,NA,NA,NA,NA,NA,NA,NA
PBI66098.barcode61,SIL-120324-GR14-AC-18,NA,NA,NA,NA,NA,NA,NA,NA,NA,NA,NA,NA
PBI66098.barcode62,ÅGS070224-GR7-BHI-5,NA,NA,NA,NA,NA,NA,NA,NA,NA,NA,NA,NA
PBI66098.barcode63,ODS-130324-GR15-AC-8,NA,NA,NA,NA,NA,NA,NA,NA,NA,NA,NA,NA
PBI66098.barcode64,BJG-240424-Gr4-AC-4,NA,NA,NA,NA,NA,NA,NA,NA,NA,NA,NA,NA
PBI66098.barcode65,FAVR-310124-GR4-AC-18,NA,NA,NA,NA,NA,NA,NA,NA,NA,NA,NA,NA
PBI66098.barcode66,SIL-280224-GR14-AC-3,NA,NA,NA,NA,NA,NA,NA,NA,NA,NA,NA,NA
PBI66098.barcode67,VIBY-180925-GR7-LB-3,NA,NA,NA,NA,NA,NA,NA,NA,NA,NA,NA,NA
PBI66098.barcode68,VIBY-180925-GR5-LB-13,NA,NA,NA,NA,NA,NA,NA,NA,NA,NA,NA,NA
PBI66098.barcode69,VIBY-180925-GR4-LB-5,NA,NA,NA,NA,NA,NA,NA,NA,NA,NA,NA,NA
PBI66098.barcode70,MT_RV43,NA,NA,NA,NA,NA,NA,NA,NA,NA,NA,NA,NA
PBI66098.barcode71,MT_LIL,NA,NA,NA,NA,NA,NA,NA,NA,NA,NA,NA,NA
PBI66098.barcode72,MT_KAS DSM 40818,NA,NA,NA,NA,NA,NA,NA,NA,NA,NA,NA,NA
PBI66098.barcode73,SIL-210224-GR3-AC-1,NA,NA,NA,NA,NA,NA,NA,NA,NA,NA,NA,NA
PBI66098.barcode74,SILK2023-GR6-AC-16,NA,NA,NA,NA,NA,NA,NA,NA,NA,NA,NA,NA
PBI66098.barcode76,SKIV2023-GR3-PDA-10,NA,NA,NA,NA,NA,NA,NA,NA,NA,NA,NA,NA
PBI66098.barcode79,SIL-210224-GR2-AC-8,NA,NA,NA,NA,NA,NA,NA,NA,NA,NA,NA,NA
PBI66098.barcode80,ALS2023-GR2-AC-12,NA,NA,NA,NA,NA,NA,NA,NA,NA,NA,NA,NA
PBI66098.barcode81,SKIV2023-GR7-AC-2,NA,NA,NA,NA,NA,NA,NA,NA,NA,NA,NA,NA
PBI66098.barcode82,BIRK-160925-GR1-BHI-4,NA,NA,NA,NA,NA,NA,NA,NA,NA,NA,NA,NA
PBI66098.barcode83,VIBY-180925-GR7-LB-14,NA,NA,NA,NA,NA,NA,NA,NA,NA,NA,NA,NA
PBI66098.barcode84,TR-280825-GR2-PDA-5,NA,NA,NA,NA,NA,NA,NA,NA,NA,NA,NA,NA
PBI66098.barcode85,OK-110925-GR2-R2A-20,NA,NA,NA,NA,NA,NA,NA,NA,NA,NA,NA,NA
PBI66519.barcode01,360-011225-GR4-ISP2-3,000,000,000,000,000,000,000,000,000,000,000,000
PBI66519.barcode03,360-011225-GR4-ISP2-4,000,000,111,000,000,000,000,000,000,000,000,000
PBI66519.barcode04,MARS-201125-GR6-10%NB-1,111,000,111,000,000,000,000,000,000,000,000,000
PBI66519.barcode05,MARS-201125-GR2-AC-13,111,000,000,000,000,000,000,000,000,000,000,000
PBI66519.barcode06,MARS-201125-GR7-BHI-7,000,000,000,000,000,000,000,000,000,000,000,000
PBI66519.barcode07,MARS-201125-GR10-PDA-3,000,000,000,000,000,000,000,000,000,000,000,000
PBI66519.barcode08,MARS-201125-GR1-R2A-19,000,000,000,000,000,000,000,000,000,000,000,000
PBI66519.barcode09,MARS-201125-GR1-R2A-12,000,000,111,000,000,000,000,000,000,000,000,000
PBI66519.barcode11,MARS-201125-GR2-AC-14,111,000,111,000,000,000,000,000,000,000,000,000
PBI66519.barcode12,EGAA-131125-GR4-AC-6,111,000,000,000,000,000,000,000,000,110,111,111
PBI66519.barcode13,EGAA-131125-GR2-BHI-18,000,000,000,000,000,000,000,000,000,000,000,000
PBI66519.barcode14,EGAA-131125-GR2-PDA-11,000,000,000,000,000,000,000,000,000,000,000,000
PBI66519.barcode15,EGAA-131125-GR2-PDA-12,000,000,000,000,000,000,000,000,000,000,000,000
PBI66519.barcode16,EGAA-131125-GR4-AC-4,111,000,000,111,111,111,000,000,000,111,111,000
PBI66519.barcode17,EGAA-131125-GR2-BHI-17,000,000,000,000,000,000,000,000,000,000,000,000
PBI66519.barcode20,FG-301025-GR1-ISP2-20,000,000,000,000,000,111,000,111,000,000,000,000
PBI66519.barcode21,FG-301025-GR1-ISP2-15,000,000,111,000,000,000,000,111,000,000,000,000
PBI66519.barcode23,FG-301025-GR1-PDA-3,000,000,000,000,000,000,000,000,000,000,000,000
PBI66519.barcode26,VEJEN-301025-GR2-R2A-2,000,000,000,000,000,000,000,000,000,000,000,000
PBI66519.barcode28,VEJEN-301025-GR2-PDA-8,111,000,111,111,000,111,000,000,000,000,000,000
PBI66519.barcode29,VEJEN-301025-GR2-PDA-18,000,000,000,000,000,000,000,000,000,000,000,000
PBI66519.barcode30,TGS-091025-GR2-ISP2-1,000,000,000,000,000,000,000,000,000,000,000,000
PBI66519.barcode32,TGS-091025-GR3-PDA-4,000,000,000,000,000,000,000,000,000,000,000,000
PBI66519.barcode33,TGS-091025-GR3-PDA-5,000,000,000,000,000,000,000,000,000,000,000,000
PBI66519.barcode34,TGS-091025-GR3-PDA-13,000,000,000,000,000,000,000,000,000,000,000,000
PBI66519.barcode35,RIB-251125-GR2-AC-17,111,000,000,000,000,000,000,000,000,000,000,000
PBI66519.barcode36,RIB-251125-GR6-AC-2,111,000,111,111,110,111,000,000,000,000,000,000
PBI66519.barcode37,RIB-251125-GR5-PDA-11,000,111,111,111,111,111,000,111,111,111,111,111
PBI66519.barcode38,RIB-251125-GR7-PDA-1,000,111,111,111,111,111,000,111,111,111,111,000
PBI66519.barcode40,RIB-251125-GR6-AC-9,000,000,000,000,000,000,000,000,000,000,000,000
PBI66519.barcode42,RIB-251125-GR5-R2A-1,000,000,000,000,000,000,000,000,000,000,000,000
PBI66519.barcode43,AGS-131125-GR3-PDA-9,000,000,111,000,000,000,000,111,000,111,000,000
PBI66519.barcode44,AGS-131125-GR3-PDA-18,000,000,000,000,000,000,000,000,000,000,000,000
PBI66519.barcode45,AGS-131125-GR1-AC-10B,000,000,111,000,000,111,000,000,000,000,000,000
PBI66519.barcode48,AASS-011225-GR3-PDA-11,111,000,110,000,000,000,000,111,000,000,000,000
PBI66519.barcode49,AASS-011225-GR5-PDA-14,000,000,000,000,000,000,000,000,000,000,000,000
PBI66519.barcode50,AASS-011225-GR3-PDA-12,111,000,111,111,000,111,000,111,000,000,000,000
PBI66519.barcode51,AASS-011225-GR11-PDA-12,000,000,000,000,000,000,000,000,000,000,000,000
PBI66519.barcode53,AASS-011225-GR4-PDA-12,000,000,000,000,000,000,000,000,000,000,000,000
PBI66519.barcode54,AASS-011225-GR5-PDA-15,000,111,111,111,111,111,000,111,111,000,111,111
PBI66519.barcode55,AASS-011225-GR1-PDA-11,000,000,000,000,000,000,000,000,000,000,000,000
PBI66519.barcode57,AASS-011225-GR6-PDA-2,000,000,000,000,000,000,000,000,000,000,000,000
PBI66519.barcode60,HOR-181125-GR2-PDA-6,000,000,000,000,000,000,000,000,000,000,000,000
PBI66519.barcode62,HOR-181125-GR2-R2A-11,111,000,000,000,000,000,000,000,000,000,000,000
PBI66519.barcode63,HOR-181125-GR2-PDA-2,000,000,101,000,000,000,000,111,000,000,000,000
PBI66519.barcode65,HOR-181125-GR2-R2A-16,000,000,000,000,000,000,000,000,000,000,000,000
PBI66519.barcode66,HOR-181125-GR6-ISP2-2,000,000,000,000,000,000,000,000,000,000,000,000
PBI66519.barcode67,HOR-181125-GR6-ISP2-7,000,000,000,000,000,000,000,000,000,000,000,000
PBI66519.barcode68,HOR-181125-GR7-PDA-11,000,000,000,000,000,000,000,000,000,000,000,000
PBI66519.barcode71,HOR-181125-GR8-10%NB-12,000,000,111,000,000,000,000,111,000,000,000,000
PBI66519.barcode72,HOR-181125-GR6-ISP2-4,000,000,000,000,000,000,000,000,000,000,000,000
PBI66519.barcode73,HOR-181125-GR4-PDA-3,000,000,111,000,000,000,000,111,000,000,000,000
PBI66519.barcode74,HOR-181125-GR6-ISP2-6,000,000,000,000,000,000,000,110,000,000,000,000
PBI66519.barcode77,HOR-181125-GR1-PDA-16,000,000,000,000,000,000,000,000,000,000,000,000
PBI66519.barcode79,HOR-181125-GR1-LB-20,000,000,111,000,000,000,000,111,000,000,000,000
PBI66519.barcode80,HOR-181125-GR3-10%NB-9,000,000,000,000,000,000,000,111,000,000,000,000
PBI66519.barcode81,HOR-181125-GR3-10%NB-6,111,000,111,000,000,000,000,000,000,000,000,000
PBI66519.barcode82,HOR-181125-GR8-10%NB-11,000,000,110,000,000,000,000,111,000,000,000,000
PBI66519.barcode83,HOR-181125-GR2-R2A-13,000,000,111,000,000,000,000,111,000,000,000,000
PBI66519.barcode84,HOR-181125-GR10-PDA-10,000,000,000,000,000,000,000,000,000,000,000,000
PBI66519.barcode85,HOR-181125-GR6-ISP2-3,000,000,000,000,000,000,000,000,000,000,000,000
PBI66519.barcode86,AASS-011225-GR1-PDA-10,000,000,000,000,000,000,000,000,000,000,000,000
PBI66519.barcode87,AASS-011225-GR6-PDA-4,000,000,000,000,000,000,000,000,000,000,000,111
PBI66519.barcode88,360-011225-GR5-PDA-7,000,000,000,000,000,000,000,000,000,000,000,000
PBI66519.barcode90,RIB-251125-GR7-PDA-9,000,000,000,000,000,000,000,111,000,000,000,111
PBI66519.barcode93,HOR-181125-GR1-PDA-2,000,000,000,000,000,000,000,000,000,000,000,000
PBI66519.barcode95,360-011225-GR4-ISP2-2,000,000,000,000,000,000,000,000,000,000,000,000
PBI66519.barcode02,360-011225-GR1-PDA-1,111,111,111,111,111,111,110,111,000,000,000,000
PBI66519.barcode39,RIB-251125-GR6-AC-6,110,000,111,000,000,000,110,110,000,000,000,000
PBI66519.barcode89,HOR-181125-GR6-PDA-13,000,000,111,000,000,110,110,110,000,000,000,000
PBI66519.barcode10,MARS-201125-GR7-BHI-1,000,000,000,000,000,000,111,000,000,000,000,000
PBI66519.barcode18,FG-301025-GR1-PDA-4,000,000,111,000,000,000,111,111,000,000,000,000
PBI66519.barcode24,FG-301025-GR1-PDA-1,000,000,111,000,000,000,111,111,000,000,000,000
PBI66519.barcode25,VEJEN-301025-GR2-R2A-4,000,000,000,000,000,000,111,000,000,000,000,000
PBI66519.barcode27,VEJEN-301015-GR2-PDA-14,111,000,111,000,000,110,111,111,000,111,111,000
PBI66519.barcode31,VEJEN-301025-GR5-PDA-1,111,111,111,111,111,111,111,111,111,111,111,111
PBI66519.barcode41,RIB-251125-GR5-R2A-2,000,000,111,000,000,000,111,111,000,000,000,000
PBI66519.barcode46,AGS-131125-PDA-GR3-7,111,111,111,111,110,110,111,111,111,111,001,111
PBI66519.barcode47,AGS-131125-PDA-GR4-9,111,000,111,000,000,000,111,111,000,000,000,000
PBI66519.barcode52,AASS-011225-GR6-PDA-3,111,000,111,000,000,000,111,111,000,000,000,000
PBI66519.barcode56,AASS-011225-GR3-R2A-6,111,110,111,111,000,111,111,111,111,111,111,111
PBI66519.barcode58,AASS-011225-GR4-PDA-1,111,000,111,000,000,000,111,111,000,000,000,000
PBI66519.barcode59,HOR-181125-GR1-PDA-19,111,111,111,111,000,111,111,111,111,111,111,111
PBI66519.barcode61,HOR-181125-GR2-PDA-4,000,000,000,000,000,000,111,111,000,000,000,000
PBI66519.barcode64,HOR-181125-GR10-PDA-12,111,000,000,000,000,000,111,111,000,111,000,000
PBI66519.barcode69,HOR-181125-GR4-PDA-6,000,111,111,111,111,111,111,111,111,111,111,111
PBI66519.barcode70,HOR-181125-GR7-PDA-16,000,111,111,111,111,111,111,111,111,111,111,111
PBI66519.barcode76,HOR-181125-GR8-PDA-16,000,000,000,000,000,111,111,111,000,000,000,000
PBI66519.barcode91,HOR-181125-GR6-PDA-12,111,000,110,000,000,000,111,000,000,000,000,111
PBI66519.barcode92,HOR-181125-GR7-PDA-17,111,000,111,000,000,000,111,111,000,000,000,000
PBI66519.barcode94,AGS-131125-GR4-BHI-6,000,000,000,000,000,000,111,111,000,000,000,000
PBI66519.barcode96,HOR-181125-GR7-PDA-20,000,000,000,000,000,000,111,111,000,000,000,000
PBK85545.barcode01,SG-15-01-26-GR2-BHI-14,000,000,111,000,000,000,111,111,000,111,000,000
PBK85545.barcode02,HG-24-02-26-GR5-10%NB-12,000,000,111,000,000,000,110,000,000,000,000,000
PBK85545.barcode04,SS-13-03-26-GR12-10%NB-18,000,000,000,000,000,000,000,000,000,000,000,000
PBK85545.barcode05,SS-13-03-26-GR16-R2A-1,000,000,000,000,000,000,000,000,000,000,000,000
PBK85545.barcode06,MUN-27-03-26-GR2-AC-6,000,000,000,000,000,000,000,000,000,000,000,000
PBK85545.barcode07,MUN-20-01-26-GR2-PDA-1,000,000,000,000,000,000,000,000,000,000,000,000
PBK85545.barcode11,MUN-27-03-26-GR1-R2A-8,000,000,000,000,000,000,000,000,000,000,000,000
PBK85545.barcode12,MUN-27-03-26-GR5-BHI-5,000,000,000,000,000,000,110,000,000,000,000,000
PBK85545.barcode13,RK-08-04-26-GR4-BHI-20,000,000,000,000,000,000,000,000,000,000,000,000
PBK85545.barcode14,RK-08-04-26-GR7-PDA-14,000,000,000,000,000,000,000,000,000,000,000,000
PBK85545.barcode15,RAG-21-01-26-GR5-AC-1,000,000,111,000,110,000,000,000,000,000,000,000
PBK85545.barcode16,RAG-21-01-26-GR3-AC-14,000,000,000,000,000,000,000,000,000,000,000,000
PBK85545.barcode18,SG-15-01-26-GR7-ISP2-7,000,000,110,000,000,000,000,000,000,000,000,000
PBK85545.barcode20,SS-13-03-26-GR11-ISP2-18,000,110,000,000,000,000,111,110,000,000,000,000
PBK85545.barcode21,SKG-27-02-26-GR1-ISP2-18,000,000,111,000,000,000,000,000,000,000,000,000
PBK85545.barcode24,SKG-27-02-26-GR3-ISP2-2,000,000,111,000,000,111,000,111,000,000,000,000
PBK85545.barcode25,HG-24-02-26-GR6-BHI-17,000,000,111,000,000,000,000,111,000,111,000,000
PBK85545.barcode27,RK-08-04-26-GR2-ISP2-8,000,000,110,000,000,000,110,000,000,000,000,000
PBK85545.barcode28,SKG-27-02-26-GR3-PDA-11,000,000,000,000,000,000,000,000,000,000,000,000
PBK85545.barcode30,SKG-27-02-26-GR1-ISP2-13,000,000,110,000,000,000,000,000,000,000,000,000
PBK85545.barcode31,SS-13-03-26-GR5-ISP2-18,000,000,111,000,000,000,000,110,110,000,000,000
PBK85545.barcode32,SG-15-01-26-GR6-10%NB-15,000,111,000,000,110,000,000,110,111,000,110,110
PBK85545.barcode34,MUN-27-03-26-GR5-ISP2-14,000,000,000,000,000,000,000,000,000,000,000,000
PBK85545.barcode35,RK-08-04-26-GR7-PDA-12,000,000,111,000,000,000,000,000,000,000,000,000
PBK85545.barcode36,SG-15-01-26-GR7-ISP2-10,000,000,000,000,000,000,000,000,000,000,000,000
PBK85545.barcode37,VG-30-01-26-GR2-ISP2-9,000,000,110,110,110,000,000,111,000,111,000,000
PBK85545.barcode39,RAG-21-01-26-GR1-ISP2-4,000,000,000,000,000,000,000,000,000,000,000,000
PBK85545.barcode40,HG-24-02-26-GR1-ISP2-15,000,000,111,000,000,000,000,111,000,000,000,000
PBK85545.barcode41,SS-13-03-26-GR5-ISP2-19,000,110,110,110,000,110,000,000,110,000,000,000
PBK85545.barcode42,MUN-27-03-26-GR1-ISP2-12,000,000,000,000,000,000,000,000,000,000,000,000
PBK85545.barcode43,MUN-27-03-26-GR9-ISP2-19,000,000,110,000,000,000,111,000,000,000,000,000
PBK85545.barcode44,MUN-27-03-26-GR1-ISP2-20,000,000,000,000,000,000,000,000,000,000,000,000
PBK85545.barcode46,SG-15-01-26-GR1-ISP2-20,000,000,000,000,000,000,000,000,000,000,000,000
PBK85545.barcode47,HG-24-02-26-GR4-BHI-18,000,000,000,000,000,000,000,000,000,111,000,000
PBK85545.barcode49,SS-13-03-26-GR5-ISP2-17,000,000,000,000,000,110,000,000,000,000,000,000
PBK85545.barcode50,SKG-27-02-26-GR3-ISP2-5,000,000,111,000,000,000,000,000,000,000,000,000
PBK85545.barcode51,VG-30-01-26-GR1-ISP2-1,000,000,111,000,000,000,110,110,000,000,000,000
PBK85545.barcode52,HG-24-02-26-GR9-ISP2-6,000,000,000,000,000,000,000,110,000,000,000,000
PBK85545.barcode53,VG-30-01-26-GR2-ISP2-15,000,000,000,000,000,110,110,000,000,000,000,000
PBK85545.barcode55,EG-08-04-26-GR3-ISP2-19,000,000,111,000,000,000,000,000,000,000,000,000
PBK85545.barcode57,SG-15-01-26-GR7-ISP2-3,000,000,000,000,000,111,111,000,000,000,000,000
PBK85545.barcode59,MUN-27-03-26-GR1-ISP2-18,000,000,000,000,000,000,111,000,000,000,000,000
PBK85545.barcode60,RAG-21-01-26-GR3-ISP2-2,000,000,000,000,000,000,000,000,000,000,000,000
PBK85545.barcode61,VG-30-01-26-GR2-ISP2-19,000,000,000,000,000,000,000,111,000,000,000,000
PBK85545.barcode62,RAG-21-01-26-GR5-AC-8,000,000,000,000,000,000,000,000,000,000,111,000
PBK85545.barcode63,MUN-20-01-26-GR5-ISP2-6,000,000,111,000,000,000,111,000,000,000,000,000
PBK85545.barcode64,MUN-27-03-26-GR1-ISP2-14,000,000,111,000,000,000,000,000,000,000,000,000
PBK85545.barcode65,MUN-27-03-26-GR7-ISP2-17,000,000,111,000,000,000,000,000,000,000,000,000
PBK85545.barcode67,MUN-27-03-26-GR7-ISP2-7,000,000,111,000,000,000,000,110,000,000,000,000
PBK85545.barcode68,HG-24-02-26-GR5-PDA-11,000,000,000,000,000,000,000,000,000,000,000,000
PBK85545.barcode70,HG-24-02-26-GR1-ISP2-8,000,000,000,000,000,000,110,000,000,000,000,000
PBK85545.barcode71,SKG-27-02-26-GR2-ISP2-7,000,000,110,000,000,000,000,000,000,000,000,000
PBK85545.barcode73,SKG-27-02-26-GR1-ISP2-17,000,000,000,000,000,000,000,110,000,000,000,000
PBK85545.barcode74,SKG-27-02-26-GR3-ISP2-6,000,000,000,000,000,000,000,110,000,000,000,000
PBK85545.barcode75,SS-13-03-26-GR12-ISP2-4,000,000,000,000,000,111,000,000,000,000,000,000
PBK85545.barcode76,SS-13-03-26-GR11-ISP2-15,000,000,111,000,000,000,000,110,000,000,000,000
PBK85545.barcode79,SS-13-03-26-GR5-ISP2-20,000,000,000,000,000,000,000,000,000,000,000,000
PBK85545.barcode80,RAG-21-01-26-GR5-AC-6,000,000,000,000,000,000,000,000,000,000,111,000
PBK85545.barcode81,VG-30-01-26-GR2-ISP2-14,000,000,111,000,000,000,000,110,000,000,000,000
PBK85545.barcode82,VG-30-01-26-GR1-ISP2-3,000,000,111,000,000,000,000,111,000,000,000,000
PBK85545.barcode83,SG-15-01-26-GR6-ISP2-9,000,000,000,000,000,111,000,000,000,000,000,000
PBK85545.barcode84,SG-15-01-26-GR7-ISP2-19,000,000,111,000,000,000,000,000,000,000,000,000
PBK85545.barcode86,SKG-27-02-26-GR1-ISP2-4,000,000,000,000,000,000,000,000,000,000,000,000
PBK85545.barcode88,BG-08-05-26-GR6-AC-2,000,111,000,110,000,111,111,000,111,110,000,111
PBK85545.barcode89,BG-080526-Gr3-BHI -13,000,000,110,000,000,110,110,111,000,000,000,000
PBK85545.barcode90,HG-24-02-26-GR6-BHI-14,000,000,111,000,000,000,000,111,000,111,000,000
PBK85545.barcode91,HG-24-02-26-GR6-BHI-18,000,000,111,000,000,000,000,111,000,111,000,000
PBK85545.barcode92,HG-24-02-26-GR6-BHI-17,000,000,111,000,000,000,000,111,000,111,000,000
PBK85545.barcode94,MUN-20-01-26-GR2-PDA-14,000,000,110,000,000,000,110,110,000,000,000,000
PBK85545.barcode09,SS-13-03-26-GR14-PDA-4,110,000,111,000,111,111,000,110,111,111,111,111
PBK85545.barcode19,SG-15-01-26-GR1-ISP2-19,110,000,000,000,000,000,000,110,000,000,000,000
PBK85545.barcode38,VG-30-01-26-GR4-ISP2-4,110,000,110,000,000,000,111,000,000,000,000,000
PBK85545.barcode45,VG-30-01-26-GR1-ISP2-2,110,000,000,000,000,000,111,000,000,000,000,000
PBK85545.barcode72,SKG-27-02-26-GR1-ISP2-16,110,000,111,000,000,110,000,011,000,000,000,000
PBK85545.barcode93,HG-24-02-26-GR8-ISP2-9,110,000,000,000,000,111,110,110,000,000,000,000
PBK85545.barcode95,MUN-27-03-26-GR7-ISP2-19,110,000,111,000,000,111,111,110,000,111,000,000
PBK85545.barcode03,SKG-27-02-26-GR1-ISP2-2,111,111,111,111,111,111,110,110,000,110,000,000
PBK85545.barcode08,MUN-20-01-26-GR4-AC-11,111,111,111,111,111,111,000,111,111,111,111,111
PBK85545.barcode10,SS-13-03-26-GR18-R2A-10,111,000,111,000,000,000,000,111,000,000,000,000
PBK85545.barcode17,SKG-27-02-26-GR1-ISP2-20,111,000,111,000,000,000,111,111,000,000,000,000
PBK85545.barcode23,MUN-27-03-26-GR8-BHI-4,111,111,111,111,111,111,111,111,111,111,111,111
PBK85545.barcode26,HG-24-02-26-GR6-AC-14,111,000,111,000,000,000,111,111,000,000,000,000
PBK85545.barcode29,MUN-27-03-26-GR7-ISP2-13,111,000,111,000,000,000,111,111,000,000,000,000
PBK85545.barcode33,MUN-27-03-26-GR1-ISP2-19,111,000,111,000,000,110,111,111,000,111,000,000
PBK85545.barcode48,SKG-27-02-26-GR1-ISP2-12,111,000,111,000,000,000,111,111,000,000,000,000
PBK85545.barcode56,VG-30-01-26-GR2-ISP2-16,111,000,111,110,110,000,000,000,000,000,000,000
PBK85545.barcode58,MUN-27-03-26-GR5-ISP2-15,111,000,110,000,000,000,111,111,110,111,000,000
PBK85545.barcode66,MUN-27-03-26-GR7-ISP2-18,111,000,111,000,000,000,111,111,000,000,000,000
PBK85545.barcode69,HG-24-02-26-GR1-ISP2-16,111,000,111,000,000,000,110,111,000,000,000,000
PBK85545.barcode77,SS-13-03-26-GR5-ISP2-1,111,000,111,000,000,000,111,000,000,000,000,000
PBK85545.barcode85,SKG-27-02-26-GR2-ISP2-15,111,000,111,000,000,000,111,111,000,111,000,000
PBK85545.barcode87,BG-08-05-26-GR2-ISP2-3,111,110,111,111,111,111,111,111,111,111,111,111
PBK85545.barcode54,SG-15-01-26-GR7-ISP2-20,NA,NA,NA,NA,NA,NA,NA,NA,NA,NA,NA,NA
