sample	completeness	contamination	contigs	total_bp	status	reason
PAQ87969.barcode01	54.95	1.61	392	1537458	FAIL	completeness<90;contigs>20;
PAQ87969.barcode03	7.48	0.05	66	230424	FAIL	completeness<90;contigs>20;size<1500000;
PAQ87969.barcode04	100.00	0.87	15	5625993	PASS	-
PAQ87969.barcode05	85.30	1.32	940	7976059	FAIL	completeness<90;contigs>20;
PAQ87969.barcode06	100.00	0.59	8	8955226	PASS	-
PAQ87969.barcode07	100.00	0.00	47	5400019	FAIL	contigs>20;
PAQ87969.barcode08	79.82	2.02	952	7411343	FAIL	completeness<90;contigs>20;
PAQ87969.barcode09	100.00	0.23	1	6685118	PASS	-
PAQ87969.barcode10	99.99	2.10	243	5547933	FAIL	contigs>20;
PAQ87969.barcode11	100.00	0.27	7	9157783	PASS	-
PAQ87969.barcode12	100.00	0.72	2	5517052	PASS	-
PAQ87969.barcode13	100.00	0.75	1	5493907	PASS	-
PAQ87969.barcode14	100.00	0.61	3	5802804	PASS	-
PAQ87969.barcode15	100.00	0.18	1	5080583	PASS	-
PAQ87969.barcode16	100.00	0.19	1	5080601	PASS	-
PAQ87969.barcode17	99.85	0.33	12	2701355	PASS	-
PAQ87969.barcode19	100.00	0.85	21	10072916	FAIL	contigs>20;
PAQ87969.barcode20	100.00	0.06	10	9512599	PASS	-
PAQ87969.barcode21	83.56	3.16	1505	7564268	FAIL	completeness<90;contigs>20;
PAQ87969.barcode22	100.00	0.07	17	8982047	PASS	-
PAQ87969.barcode23	99.38	40.02	928	13979834	FAIL	contamination>=5;contigs>20;
PAQ87969.barcode24	99.99	0.01	26	8074389	FAIL	contigs>20;
PAQ87969.barcode25	100.00	0.97	7	9066973	PASS	-
PAQ87969.barcode26	100.00	0.87	3	7279552	PASS	-
PAQ87969.barcode27	99.98	0.03	1	5968820	PASS	-
PAQ87969.barcode28	100.00	0.52	1	5613998	PASS	-
PAQ87969.barcode29	6.38	0.00	3	8186	FAIL	completeness<90;size<1500000;
PAQ87969.barcode30	35.05	0.72	735	3842647	FAIL	completeness<90;contigs>20;
PAQ87969.barcode31	100.00	0.05	14	8274167	PASS	-
PAQ87969.barcode32	100.00	0.90	2	4922073	PASS	-
PAQ87969.barcode33	90.88	1.77	346	10255574	FAIL	contigs>20;
PAQ87969.barcode35	100.00	0.68	26	9511347	FAIL	contigs>20;
PAQ87969.barcode36	100.00	0.05	8	8471287	PASS	-
PAQ87969.barcode37	100.00	1.15	6	10131327	PASS	-
PAQ87969.barcode38	100.00	0.56	7	9260295	PASS	-
PAQ87969.barcode39	99.91	0.76	3	9429571	PASS	-
PAQ87969.barcode40	100.00	0.43	3	8623549	PASS	-
PAQ87969.barcode41	100.00	1.50	12	9366092	PASS	-
PAQ87969.barcode42	100.00	0.05	1	4494733	PASS	-
PAQ87969.barcode43	100.00	0.14	70	10132890	FAIL	contigs>20;
PAQ87969.barcode44	100.00	1.50	7	9790385	PASS	-
PAQ87969.barcode45	100.00	0.41	7	8971239	PASS	-
PAQ87969.barcode46	100.00	0.08	1	4667053	PASS	-
PAQ87969.barcode47	100.00	0.45	1	6425777	PASS	-
PAQ87969.barcode48	100.00	0.04	1	6220658	PASS	-
PAQ87969.barcode49	100.00	0.00	1	3755908	PASS	-
PAQ87969.barcode50	100.00	1.34	15	5685421	PASS	-
PAQ87969.barcode51	100.00	0.21	3	5175929	PASS	-
PAQ87969.barcode53	100.00	0.04	4	6454503	PASS	-
PAQ87969.barcode54	100.00	0.47	1	6425781	PASS	-
PAQ87969.barcode55	100.00	0.05	6	2311392	PASS	-
PAQ87969.barcode56	100.00	0.50	6	5366547	PASS	-
PAQ87969.barcode57	100.00	0.28	2	3840189	PASS	-
PAQ87969.barcode58	100.00	1.24	196	5304529	FAIL	contigs>20;
PAQ87969.barcode59	100.00	0.00	1	3755934	PASS	-
PAQ87969.barcode60	100.00	0.26	16	5343071	PASS	-
PAQ87969.barcode61	100.00	3.64	23	6159464	FAIL	contigs>20;
PAQ87969.barcode62	100.00	1.34	1	6094743	PASS	-
PAQ87969.barcode63	100.00	0.89	7	9084702	PASS	-
PAQ87969.barcode64	37.48	1.66	648	3620658	FAIL	completeness<90;contigs>20;
PAQ87969.barcode65	98.36	0.14	350	9085195	FAIL	contigs>20;
PAQ87969.barcode66	99.90	2.81	519	8168153	FAIL	contigs>20;
PAQ87969.barcode67	86.90	1.12	403	8540085	FAIL	completeness<90;contigs>20;
PAQ87969.barcode70	99.99	0.39	17	9266596	PASS	-
PAQ87969.barcode72	91.15	1.02	303	9662712	FAIL	contigs>20;
PAQ87969.barcode73	99.93	0.28	2	4365917	PASS	-
PAQ87969.barcode75	99.96	1.08	2	5303427	PASS	-
PAQ87969.barcode76	100.00	1.03	6	2601162	PASS	-
PAQ87969.barcode77	100.00	0.61	7	5592204	PASS	-
PAQ87969.barcode79	100.00	0.95	47	10893414	FAIL	contigs>20;
PAQ87969.barcode80	94.57	1.82	470	8419699	FAIL	contigs>20;
PAQ87969.barcode82	95.51	2.44	655	9289694	FAIL	contigs>20;
PAQ87969.barcode83	99.55	1.04	17	7871533	PASS	-
PAQ87969.barcode84	100.00	3.75	66	9262720	FAIL	contigs>20;
PAQ87969.barcode85	99.99	1.84	228	12341107	FAIL	contigs>20;
PAQ87969.barcode86	99.36	1.53	37	8555570	FAIL	contigs>20;
PAQ87969.barcode87	99.98	1.65	2	8911257	PASS	-
PAQ87969.barcode88	100.00	0.30	11	5354199	PASS	-
PAQ87969.barcode89	100.00	1.68	12	10311275	PASS	-
PAQ87969.barcode90	100.00	1.72	44	9553816	FAIL	contigs>20;
PAQ87969.barcode91	100.00	0.01	12	9151551	PASS	-
PAQ87969.barcode92	99.95	0.71	6	9286347	PASS	-
PAQ87969.barcode93	99.99	0.98	2	3348566	PASS	-
PAQ87969.barcode94	4.04	0.00	32	169929	FAIL	completeness<90;contigs>20;size<1500000;
PAQ87969.barcode95	99.96	0.80	2	3541136	PASS	-
PAQ87969.barcode96	99.98	1.73	1	5266532	PASS	-
PAQ88969.barcode01	100.00	0.18	1	5080572	PASS	-
PAQ88969.barcode02	100.00	83.54	4	9151012	FAIL	contamination>=5;
PAQ88969.barcode04	3.51	0.04	51	261857	FAIL	completeness<90;contigs>20;size<1500000;
PAQ88969.barcode05	100.00	0.29	5	4800098	PASS	-
PAQ88969.barcode06	60.34	2.65	579	3521046	FAIL	completeness<90;contigs>20;
PAQ88969.barcode07	93.41	4.21	534	3518315	FAIL	contigs>20;
PAQ88969.barcode08	99.98	1.79	1	6546969	PASS	-
PAQ88969.barcode09	100.00	0.70	7	5566034	PASS	-
PAQ88969.barcode12	88.30	0.06	4	7642015	FAIL	completeness<90;
PAQ88969.barcode13	60.17	1.92	400	6844930	FAIL	completeness<90;contigs>20;
PAQ88969.barcode15	100.00	82.69	19	11677715	FAIL	contamination>=5;
PAQ88969.barcode16	100.00	0.00	2	6338366	PASS	-
PAQ88969.barcode17	100.00	32.43	268	8030150	FAIL	contamination>=5;contigs>20;
PAQ88969.barcode20	99.95	0.51	5	8614786	PASS	-
PAQ88969.barcode21	100.00	0.25	12	4775053	PASS	-
PAQ88969.barcode23	34.75	0.09	401	3850753	FAIL	completeness<90;contigs>20;
PAQ88969.barcode24	100.00	0.27	33	6221821	FAIL	contigs>20;
PAQ88969.barcode25	100.00	0.07	18	6242846	PASS	-
PAQ88969.barcode26	99.98	0.27	2	4532070	PASS	-
PAQ88969.barcode27	99.99	0.04	43	8558998	FAIL	contigs>20;
PAQ88969.barcode28	100.00	0.46	2	4900650	PASS	-
PAQ88969.barcode29	100.00	0.19	4	4703332	PASS	-
PAQ88969.barcode30	100.00	0.44	7	5879502	PASS	-
PAQ88969.barcode31	99.99	0.55	2	2489086	PASS	-
PAQ88969.barcode32	99.99	0.06	1	4647405	PASS	-
PAQ88969.barcode33	99.99	1.74	11	6398076	PASS	-
PAQ88969.barcode34	4.13	0.10	95	563755	FAIL	completeness<90;contigs>20;size<1500000;
PAQ88969.barcode37	100.00	0.19	4	4698717	PASS	-
PAQ88969.barcode38	100.00	2.09	12	6583700	PASS	-
PAQ88969.barcode39	100.00	0.68	40	5729355	FAIL	contigs>20;
PAQ88969.barcode40	100.00	0.63	1	6373480	PASS	-
PAQ88969.barcode41	100.00	4.89	14	6019094	PASS	-
PAQ88969.barcode42	100.00	0.72	14	5284741	PASS	-
PAQ88969.barcode45	100.00	0.03	9	4744979	PASS	-
PAQ88969.barcode46	100.00	0.16	1	5988252	PASS	-
PAQ88969.barcode47	100.00	0.27	2	5488773	PASS	-
PAQ88969.barcode48	100.00	0.73	40	5640587	FAIL	contigs>20;
PAQ88969.barcode49	100.00	0.75	36	5481359	FAIL	contigs>20;
PAQ88969.barcode51	11.93	0.16	304	1002377	FAIL	completeness<90;contigs>20;size<1500000;
PAQ88969.barcode52	100.00	0.11	8	8990930	PASS	-
PAQ88969.barcode53	100.00	0.15	9	4783880	PASS	-
PAQ88969.barcode55	100.00	1.29	1	7188309	PASS	-
PAQ88969.barcode56	100.00	0.12	54	5343806	FAIL	contigs>20;
PAQ88969.barcode57	100.00	0.09	20	6221068	PASS	-
PAQ88969.barcode58	100.00	0.24	3	6752395	PASS	-
PAQ88969.barcode59	100.00	0.54	21	5730554	FAIL	contigs>20;
PAQ88969.barcode60	99.94	0.65	3	9801159	PASS	-
PAQ88969.barcode61	85.89	3.87	615	4930239	FAIL	completeness<90;contigs>20;
PAQ88969.barcode62	100.00	0.37	2	5420090	PASS	-
PAQ88969.barcode64	100.00	0.26	216	5357833	FAIL	contigs>20;
PAQ88969.barcode65	100.00	0.08	22	6190536	FAIL	contigs>20;
PAQ88969.barcode67	100.00	0.48	4	8782173	PASS	-
PAQ88969.barcode69	99.73	1.28	18	2835000	PASS	-
PAQ88969.barcode70	100.00	0.82	3	5533851	PASS	-
PAQ88969.barcode72	100.00	0.27	2	5378366	PASS	-
PAQ88969.barcode75	99.99	0.16	1	4434854	PASS	-
PAQ88969.barcode76	42.60	0.10	305	4068786	FAIL	completeness<90;contigs>20;
PAQ88969.barcode78	100.00	0.44	7	5857704	PASS	-
PAQ88969.barcode79	100.00	0.11	2	5232701	PASS	-
PAQ88969.barcode80	73.63	3.51	432	3848703	FAIL	completeness<90;contigs>20;
PAQ88969.barcode81	100.00	0.18	1	5080577	PASS	-
PAQ88969.barcode83	100.00	0.00	2	4455950	PASS	-
PAQ88969.barcode84	96.22	0.13	131	9019672	FAIL	contigs>20;
PAQ88969.barcode85	99.99	0.98	2	4001144	PASS	-
PAQ88969.barcode86	81.00	2.34	264	4596512	FAIL	completeness<90;contigs>20;
PAQ88969.barcode87	99.99	0.09	3	2521898	PASS	-
PAQ88969.barcode89	100.00	0.11	3	6585288	PASS	-
PAQ88969.barcode90	99.85	0.02	4	2617865	PASS	-
PAQ88969.barcode91	100.00	0.68	3	5428147	PASS	-
PAQ88969.barcode94	99.98	0.35	5	5793783	PASS	-
PAQ88969.barcode95	100.00	0.19	1	6094956	PASS	-
PAQ88969.barcode96	2.23	0.00	21	78652	FAIL	completeness<90;contigs>20;size<1500000;
PAQ89233.barcode02	6.73	0.00	55	196011	FAIL	completeness<90;contigs>20;size<1500000;
PAQ89233.barcode04	100.00	0.00	1	6460052	PASS	-
PAQ89233.barcode05	99.99	0.41	2	6366866	PASS	-
PAQ89233.barcode07	100.00	0.64	1	7020784	PASS	-
PAQ89233.barcode09	100.00	0.94	34	5556733	FAIL	contigs>20;
PAQ89233.barcode10	100.00	0.00	42	8778921	FAIL	contigs>20;
PAQ89233.barcode12	35.23	3.07	366	2586367	FAIL	completeness<90;contigs>20;
PAQ89233.barcode13	99.99	0.29	394	5849589	FAIL	contigs>20;
PAQ89233.barcode14	99.47	2.12	375	4365961	FAIL	contigs>20;
PAQ89233.barcode15	100.00	0.05	2	4035303	PASS	-
PAQ89233.barcode16	100.00	4.74	100	6453023	FAIL	contigs>20;
PAQ89233.barcode17	100.00	0.63	345	5774581	FAIL	contigs>20;
PAQ89233.barcode18	100.00	0.09	2	6244071	PASS	-
PAQ89233.barcode20	99.99	2.49	107	2629282	FAIL	contigs>20;
PAQ89233.barcode21	88.28	1.50	492	6296320	FAIL	completeness<90;contigs>20;
PAQ89233.barcode22	99.22	0.11	1	3690699	PASS	-
PAQ89233.barcode23	100.00	4.62	17	4235165	PASS	-
PAQ89233.barcode24	100.00	14.15	293	9838425	FAIL	contamination>=5;contigs>20;
PAQ89233.barcode26	97.40	2.02	353	5186124	FAIL	contigs>20;
PAQ89233.barcode27	100.00	1.45	18	5468231	PASS	-
PAQ89233.barcode30	100.00	30.78	220	8981411	FAIL	contamination>=5;contigs>20;
PAQ89233.barcode31	16.83	0.32	160	781715	FAIL	completeness<90;contigs>20;size<1500000;
PAQ89233.barcode32	58.34	0.99	251	2006418	FAIL	completeness<90;contigs>20;
PAQ89233.barcode33	100.00	0.23	25	4125161	FAIL	contigs>20;
PAQ89233.barcode34	100.00	0.45	29	5752336	FAIL	contigs>20;
PAQ89233.barcode36	100.00	0.46	170	6115847	FAIL	contigs>20;
PAQ89233.barcode37	13.47	0.14	103	481916	FAIL	completeness<90;contigs>20;size<1500000;
PAQ89233.barcode38	100.00	1.34	74	2684354	FAIL	contigs>20;
PAQ89233.barcode39	100.00	0.06	1	4017688	PASS	-
PAQ89233.barcode40	100.00	0.82	1	6669777	PASS	-
PAQ89233.barcode41	100.00	0.28	1	6935610	PASS	-
PAQ89233.barcode42	100.00	0.15	6	6505045	PASS	-
PAQ89233.barcode44	100.00	0.93	1	6114063	PASS	-
PAQ89233.barcode45	99.97	1.72	243	5162977	FAIL	contigs>20;
PAQ89233.barcode46	84.67	0.49	426	4337306	FAIL	completeness<90;contigs>20;
PAQ89233.barcode48	32.51	1.46	226	1432005	FAIL	completeness<90;contigs>20;size<1500000;
PAQ89233.barcode49	12.60	0.07	120	563711	FAIL	completeness<90;contigs>20;size<1500000;
PAQ89233.barcode50	79.13	4.29	611	3775265	FAIL	completeness<90;contigs>20;
PAQ89233.barcode52	31.60	0.86	200	1130273	FAIL	completeness<90;contigs>20;size<1500000;
PAQ89233.barcode53	92.31	1.61	302	4535501	FAIL	contigs>20;
PAQ89233.barcode54	69.26	0.85	301	2600646	FAIL	completeness<90;contigs>20;
PAQ89233.barcode55	100.00	0.38	1	6673619	PASS	-
PAQ89233.barcode56	100.00	0.27	1	6854052	PASS	-
PAQ89233.barcode57	100.00	0.86	1	6276349	PASS	-
PAQ89233.barcode58	91.57	4.49	337	5478517	FAIL	contigs>20;
PAQ89233.barcode59	100.00	0.00	164	6966861	FAIL	contigs>20;
PAQ89233.barcode60	99.96	5.13	311	5544886	FAIL	contamination>=5;contigs>20;
PAQ89233.barcode62	39.75	0.53	239	1541137	FAIL	completeness<90;contigs>20;
PAQ89233.barcode63	100.00	4.92	207	7521593	FAIL	contigs>20;
PAQ89233.barcode64	100.00	8.84	204	7622927	FAIL	contamination>=5;contigs>20;
PAQ89233.barcode65	99.99	0.16	161	5216823	FAIL	contigs>20;
PAQ89233.barcode66	99.76	0.03	7	3652072	PASS	-
PAQ89233.barcode67	100.00	0.18	1	6354560	PASS	-
PAQ89233.barcode68	99.90	0.38	2	8727368	PASS	-
PAQ89233.barcode69	98.38	0.31	9	8735729	PASS	-
PAQ89233.barcode70	100.00	61.59	55	12217194	FAIL	contamination>=5;contigs>20;
PAQ89233.barcode73	21.61	1.20	148	873125	FAIL	completeness<90;contigs>20;size<1500000;
PAQ89233.barcode74	100.00	0.08	15	5795616	PASS	-
PAQ89233.barcode75	100.00	0.79	20	5712489	PASS	-
PAQ89233.barcode76	99.83	0.20	317	4713877	FAIL	contigs>20;
PAQ89233.barcode78	99.95	1.00	7	5276372	PASS	-
PAQ89233.barcode79	100.00	91.80	93	15418003	FAIL	contamination>=5;contigs>20;size>15000000;
PAQ89233.barcode80	78.71	1.98	443	4229241	FAIL	completeness<90;contigs>20;
PAQ89233.barcode81	89.36	1.87	193	3208958	FAIL	completeness<90;contigs>20;
PAQ89233.barcode82	74.97	0.47	412	3878243	FAIL	completeness<90;contigs>20;
PAQ89233.barcode83	75.72	2.05	461	3793295	FAIL	completeness<90;contigs>20;
PAQ89233.barcode85	100.00	0.36	9	6034402	PASS	-
PAQ89233.barcode86	95.49	2.93	484	8972262	FAIL	contigs>20;
PAQ89233.barcode87	5.39	0.00	31	186121	FAIL	completeness<90;contigs>20;size<1500000;
PAQ89233.barcode88	80.57	0.94	346	3915413	FAIL	completeness<90;contigs>20;
PAQ89233.barcode89	61.91	3.52	665	3083576	FAIL	completeness<90;contigs>20;
PAQ89233.barcode90	100.00	0.09	16	9193246	PASS	-
PAQ89233.barcode91	100.00	50.03	218	12476064	FAIL	contamination>=5;contigs>20;
PAQ89233.barcode92	100.00	74.81	239	14919461	FAIL	contamination>=5;contigs>20;
PAQ89233.barcode93	53.78	0.44	200	1411623	FAIL	completeness<90;contigs>20;size<1500000;
PAQ89233.barcode94	100.00	0.18	2	5084360	PASS	-
PAQ89233.barcode95	99.99	0.40	229	4950145	FAIL	contigs>20;
PAW76169.barcode01	100.00	0.12	3	5288099	PASS	-
PAW76169.barcode02	100.00	0.85	2	6008786	PASS	-
PAW76169.barcode03	100.00	0.57	2	6091963	PASS	-
PAW76169.barcode04	100.00	0.11	10	8976952	PASS	-
PAW76169.barcode05	100.00	0.06	2	5403636	PASS	-
PAW76169.barcode06	100.00	0.87	1	5491449	PASS	-
PAW76169.barcode07	100.00	0.03	1	4637050	PASS	-
PAW76169.barcode08	100.00	5.81	7	6262381	FAIL	contamination>=5;
PAW76169.barcode09	100.00	0.15	1	2699925	PASS	-
PAW76169.barcode10	100.00	82.45	539	10248851	FAIL	contamination>=5;contigs>20;
PAW76169.barcode11	100.00	2.09	74	5721143	FAIL	contigs>20;
PAW76169.barcode12	100.00	0.07	6	5939898	PASS	-
PAW76169.barcode13	74.19	0.41	753	7489642	FAIL	completeness<90;contigs>20;
PAW76169.barcode14	100.00	0.31	1	5514326	PASS	-
PAW76169.barcode15	100.00	0.15	1	6509392	PASS	-
PAW76169.barcode16	100.00	0.12	11	5917185	PASS	-
PAW76169.barcode18	100.00	0.51	11	5617110	PASS	-
PAW76169.barcode20	100.00	2.05	5	5096461	PASS	-
PAW76169.barcode21	100.00	0.25	4	5494769	PASS	-
PAW76169.barcode23	100.00	0.15	1	6248987	PASS	-
PAW76169.barcode24	100.00	0.15	1	6248986	PASS	-
PAW76169.barcode25	100.00	0.15	3	6248740	PASS	-
PAW76169.barcode26	100.00	0.15	1	6248987	PASS	-
PAW76169.barcode27	100.00	0.72	10	5866865	PASS	-
PAW76169.barcode28	100.00	0.55	7	6021389	PASS	-
PAW76169.barcode29	100.00	2.64	3	5624856	PASS	-
PAW76169.barcode30	100.00	0.37	8	5781494	PASS	-
PAW76169.barcode31	100.00	0.02	10	5617948	PASS	-
PAW76169.barcode32	100.00	0.23	5	9653116	PASS	-
PAW76169.barcode33	100.00	0.32	6	8544305	PASS	-
PAW76169.barcode34	100.00	0.00	1	7202722	PASS	-
PAW76169.barcode35	100.00	3.07	14	5757284	PASS	-
PAW76169.barcode36	99.99	0.34	6	8929138	PASS	-
PAW76169.barcode37	100.00	0.21	3	10148132	PASS	-
PAW76169.barcode38	100.00	0.00	8	3951195	PASS	-
PAW76169.barcode39	100.00	0.44	8	5908774	PASS	-
PAW76169.barcode41	100.00	0.00	2	8784105	PASS	-
PAW76169.barcode42	100.00	0.50	3	5302685	PASS	-
PAW76169.barcode44	100.00	0.14	1	5454689	PASS	-
PAW76169.barcode45	100.00	0.14	1	5454687	PASS	-
PAW76169.barcode47	100.00	0.13	4	5362481	PASS	-
PAW76169.barcode48	100.00	0.72	13	6202982	PASS	-
PAW76169.barcode49	100.00	1.55	1	6935965	PASS	-
PAW76169.barcode50	100.00	0.01	4	4006258	PASS	-
PAW76169.barcode51	100.00	0.16	1	5402236	PASS	-
PAW76169.barcode52	100.00	0.01	1	6495019	PASS	-
PAW76169.barcode53	100.00	2.89	7	6171856	PASS	-
PAW76169.barcode54	100.00	6.14	8	6317226	FAIL	contamination>=5;
PAW76169.barcode55	100.00	0.35	6	5677593	PASS	-
PAW76169.barcode56	100.00	0.03	2	5196392	PASS	-
PAW76169.barcode57	100.00	0.06	3	5557258	PASS	-
PAW76169.barcode58	100.00	0.24	1	4410340	PASS	-
PAW76169.barcode59	99.91	0.76	3	9421412	PASS	-
PAW76169.barcode60	100.00	0.23	10	9244904	PASS	-
PAW76169.barcode61	100.00	0.83	1	6592203	PASS	-
PAW76169.barcode62	100.00	0.09	1	5834487	PASS	-
PAW76169.barcode63	100.00	2.01	6	11614957	PASS	-
PAW76169.barcode64	100.00	0.13	4	10640894	PASS	-
PAW76169.barcode65	100.00	78.51	12	10249743	FAIL	contamination>=5;
PAW76169.barcode66	100.00	0.05	2	8815193	PASS	-
PAW76169.barcode67	100.00	0.02	1	4058327	PASS	-
PAW76169.barcode68	100.00	0.18	1	5529520	PASS	-
PAW76169.barcode69	100.00	0.42	3	8783690	PASS	-
PAW76169.barcode70	100.00	0.12	10	5650705	PASS	-
PAW76169.barcode71	100.00	0.21	5	6577752	PASS	-
PAW76169.barcode72	100.00	3.95	5	9273538	PASS	-
PAW76169.barcode73	99.99	1.44	3	8565494	PASS	-
PAW76169.barcode74	100.00	0.24	3	5838884	PASS	-
PAW76169.barcode75	100.00	0.44	7	10274926	PASS	-
PAW76169.barcode76	100.00	0.43	7	2940517	PASS	-
PAW76169.barcode77	100.00	0.80	4	8239325	PASS	-
PAW76169.barcode78	100.00	0.43	4	2949781	PASS	-
PAW76169.barcode79	100.00	0.34	4	5693430	PASS	-
PAW76169.barcode80	100.00	1.43	424	9833780	FAIL	contigs>20;
PAW76169.barcode81	100.00	0.12	51	8999609	FAIL	contigs>20;
PAW76169.barcode82	99.98	0.65	4	10349076	PASS	-
PAW76169.barcode83	100.00	1.61	1	7514259	PASS	-
PAW76169.barcode84	100.00	0.02	1	4637049	PASS	-
PAW76169.barcode86	100.00	0.55	1	4548907	PASS	-
PAW76169.barcode87	99.92	0.13	253	8369834	FAIL	contigs>20;
PAW76169.barcode88	100.00	2.03	331	4140829	FAIL	contigs>20;
PAW76169.barcode89	100.00	0.16	2	5365838	PASS	-
PAW76169.barcode90	100.00	0.18	1	4014905	PASS	-
PAW76169.barcode91	100.00	0.03	3	5347174	PASS	-
PAW76169.barcode92	100.00	0.68	1	5428207	PASS	-
PAW76169.barcode93	100.00	0.23	19	7663694	PASS	-
PAW76169.barcode94	100.00	0.15	1	6248987	PASS	-
PAW76169.barcode95	100.00	1.42	1	6698806	PASS	-
PAW76169.barcode96	100.00	0.69	21	6375415	FAIL	contigs>20;
PAY08219.barcode01	100.00	0.34	4	5455567	PASS	-
PAY08219.barcode02	100.00	0.03	1	4582427	PASS	-
PAY08219.barcode03	100.00	85.51	32	10804790	FAIL	contamination>=5;contigs>20;
PAY08219.barcode04	100.00	0.17	6	6050750	PASS	-
PAY08219.barcode05	99.92	0.17	1	2370304	PASS	-
PAY08219.barcode06	100.00	0.86	3	5957238	PASS	-
PAY08219.barcode07	99.99	0.00	1	7219264	PASS	-
PAY08219.barcode08	99.92	0.04	2	2376470	PASS	-
PAY08219.barcode09	100.00	0.89	5	6156013	PASS	-
PAY08219.barcode10	100.00	1.65	13	6343439	PASS	-
PAY08219.barcode11	100.00	0.15	14	6013012	PASS	-
PAY08219.barcode12	100.00	0.28	1	5425456	PASS	-
PAY08219.barcode13	100.00	79.76	137	8634639	FAIL	contamination>=5;contigs>20;
PAY08219.barcode14	100.00	0.00	1	5685758	PASS	-
PAY08219.barcode15	99.94	0.60	1	4354207	PASS	-
PAY08219.barcode16	100.00	0.56	1	6278537	PASS	-
PAY08219.barcode17	100.00	1.28	3	5584159	PASS	-
PAY08219.barcode18	100.00	2.11	11	11108295	PASS	-
PAY08219.barcode19	100.00	0.00	2	7045442	PASS	-
PAY08219.barcode20	100.00	69.78	32	6625813	FAIL	contamination>=5;contigs>20;
PAY08219.barcode21	100.00	87.31	14	10782255	FAIL	contamination>=5;
PAY08219.barcode22	100.00	75.41	65	10835728	FAIL	contamination>=5;contigs>20;
PAY08219.barcode23	100.00	95.04	4	12015809	FAIL	contamination>=5;
PAY08219.barcode24	99.95	0.28	3	9175788	PASS	-
PAY08219.barcode25	100.00	1.11	18	6200099	PASS	-
PAY08219.barcode26	99.99	0.17	1	3655198	PASS	-
PAY08219.barcode27	100.00	0.10	4	3460358	PASS	-
PAY08219.barcode28	100.00	0.12	1	6185265	PASS	-
PAY08219.barcode29	100.00	0.68	1	5428163	PASS	-
PAY08219.barcode31	99.94	0.65	6	5749745	PASS	-
PAY08219.barcode32	80.85	5.13	474	5419262	FAIL	completeness<90;contamination>=5;contigs>20;
PAY08219.barcode33	100.00	2.91	31	4851725	FAIL	contigs>20;
PAY08219.barcode34	100.00	1.88	33	4235952	FAIL	contigs>20;
PAY08219.barcode35	100.00	2.34	31	5996552	FAIL	contigs>20;
PAY08219.barcode36	100.00	23.06	103	8014690	FAIL	contamination>=5;contigs>20;
PAY08219.barcode37	100.00	0.27	2	6724590	PASS	-
PAY08219.barcode38	100.00	0.03	1	6270845	PASS	-
PAY08219.barcode39	100.00	0.12	1	4643490	PASS	-
PAY08219.barcode40	100.00	0.18	3	5079653	PASS	-
PAY08219.barcode41	99.99	0.04	12	2507791	PASS	-
PAY08219.barcode42	100.00	0.68	1	5428176	PASS	-
PBI66098.barcode01	92.74	4.71	981	9093219	FAIL	contigs>20;
PBI66098.barcode02	60.38	1.11	1148	5670987	FAIL	completeness<90;contigs>20;
PBI66098.barcode03	99.89	0.47	58	8465691	FAIL	contigs>20;
PBI66098.barcode04	100.00	0.97	40	9207328	FAIL	contigs>20;
PBI66098.barcode05	71.72	2.13	1263	6071332	FAIL	completeness<90;contigs>20;
PBI66098.barcode06	100.00	1.11	8	9058071	PASS	-
PBI66098.barcode07	99.98	0.51	3	8495413	PASS	-
PBI66098.barcode08	99.95	3.25	719	9430864	FAIL	contigs>20;
PBI66098.barcode09	99.93	3.50	681	8909453	FAIL	contigs>20;
PBI66098.barcode10	99.14	0.71	372	8430744	FAIL	contigs>20;
PBI66098.barcode11	50.07	0.92	886	4063067	FAIL	completeness<90;contigs>20;
PBI66098.barcode12	100.00	0.25	234	9665742	FAIL	contigs>20;
PBI66098.barcode13	99.88	0.33	1	3621630	PASS	-
PBI66098.barcode14	42.91	0.49	780	3533034	FAIL	completeness<90;contigs>20;
PBI66098.barcode15	99.98	0.52	62	8505329	FAIL	contigs>20;
PBI66098.barcode16	100.00	0.80	1	6010523	PASS	-
PBI66098.barcode17	100.00	0.23	2	5535204	PASS	-
PBI66098.barcode18	10.65	0.03	152	529955	FAIL	completeness<90;contigs>20;size<1500000;
PBI66098.barcode20	100.00	0.73	1	6149631	PASS	-
PBI66098.barcode21	99.89	0.26	1	3621646	PASS	-
PBI66098.barcode22	99.88	0.26	1	3621637	PASS	-
PBI66098.barcode23	100.00	0.21	40	6212006	FAIL	contigs>20;
PBI66098.barcode24	100.00	0.19	3	5895689	PASS	-
PBI66098.barcode25	100.00	0.01	1	4751388	PASS	-
PBI66098.barcode26	100.00	0.65	12	5727469	PASS	-
PBI66098.barcode27	100.00	0.18	1	5433486	PASS	-
PBI66098.barcode28	100.00	0.18	1	5433482	PASS	-
PBI66098.barcode29	100.00	0.36	2	5528855	PASS	-
PBI66098.barcode30	100.00	0.89	1	6530540	PASS	-
PBI66098.barcode31	100.00	0.80	1	6552448	PASS	-
PBI66098.barcode32	100.00	0.05	5	5560407	PASS	-
PBI66098.barcode33	100.00	0.33	7	5470015	PASS	-
PBI66098.barcode34	100.00	0.05	3	5334049	PASS	-
PBI66098.barcode35	100.00	0.47	10	5770459	PASS	-
PBI66098.barcode36	100.00	2.47	10	6623609	PASS	-
PBI66098.barcode37	89.88	2.02	562	5587126	FAIL	completeness<90;contigs>20;
PBI66098.barcode38	100.00	0.11	2	3459996	PASS	-
PBI66098.barcode39	100.00	0.64	1	6180055	PASS	-
PBI66098.barcode40	100.00	0.46	3	5873480	PASS	-
PBI66098.barcode41	100.00	0.18	1	5433484	PASS	-
PBI66098.barcode42	100.00	0.58	1	6096377	PASS	-
PBI66098.barcode43	99.96	0.00	1	2445660	PASS	-
PBI66098.barcode44	99.85	0.92	165	5381720	FAIL	contigs>20;
PBI66098.barcode45	100.00	1.09	49	5379481	FAIL	contigs>20;
PBI66098.barcode46	100.00	0.18	2	2776596	PASS	-
PBI66098.barcode47	100.00	0.12	2	5367378	PASS	-
PBI66098.barcode48	100.00	0.09	1	5980430	PASS	-
PBI66098.barcode50	100.00	2.00	23	5793622	FAIL	contigs>20;
PBI66098.barcode51	100.00	0.68	1	6736894	PASS	-
PBI66098.barcode52	100.00	6.75	6	6360566	FAIL	contamination>=5;
PBI66098.barcode53	8.94	0.02	145	500321	FAIL	completeness<90;contigs>20;size<1500000;
PBI66098.barcode54	100.00	3.46	198	6207821	FAIL	contigs>20;
PBI66098.barcode55	100.00	0.58	1	6041082	PASS	-
PBI66098.barcode56	99.99	0.58	1	6041437	PASS	-
PBI66098.barcode57	100.00	0.00	5	9648874	PASS	-
PBI66098.barcode58	100.00	0.67	63	8920795	FAIL	contigs>20;
PBI66098.barcode59	99.99	0.17	3	2455897	PASS	-
PBI66098.barcode60	100.00	2.74	21	6418882	FAIL	contigs>20;
PBI66098.barcode61	100.00	0.08	2	5380583	PASS	-
PBI66098.barcode62	100.00	3.89	31	6073413	FAIL	contigs>20;
PBI66098.barcode63	100.00	0.01	1	3990852	PASS	-
PBI66098.barcode64	74.91	1.44	510	4612494	FAIL	completeness<90;contigs>20;
PBI66098.barcode65	100.00	2.10	13	6061569	PASS	-
PBI66098.barcode66	100.00	0.64	1	6180055	PASS	-
PBI66098.barcode67	100.00	0.39	2	5783236	PASS	-
PBI66098.barcode68	100.00	0.06	3	2560052	PASS	-
PBI66098.barcode69	99.96	0.00	1	2445656	PASS	-
PBI66098.barcode70	100.00	3.58	8	8107005	PASS	-
PBI66098.barcode71	99.95	0.00	6	7052052	PASS	-
PBI66098.barcode72	100.00	0.68	3	9275009	PASS	-
PBI66098.barcode73	100.00	0.44	9	5882232	PASS	-
PBI66098.barcode74	100.00	0.56	1	7459050	PASS	-
PBI66098.barcode76	100.00	3.31	164	7123498	FAIL	contigs>20;
PBI66098.barcode77	100.00	0.81	1	6161505	PASS	-
PBI66098.barcode79	99.88	0.74	1	5026010	PASS	-
PBI66098.barcode80	100.00	0.29	1	4992772	PASS	-
PBI66098.barcode81	100.00	0.48	1	5590805	PASS	-
PBI66098.barcode82	100.00	0.25	5	2647049	PASS	-
PBI66098.barcode83	100.00	0.21	1	7158185	PASS	-
PBI66098.barcode84	100.00	0.00	19	6617924	PASS	-
PBI66098.barcode85	100.00	0.14	9	5750794	PASS	-
PBI66098.barcode87	100.00	1.29	8	13107403	PASS	-
PBI66098.barcode88	100.00	0.67	6	8996024	PASS	-
PBI66098.barcode89	99.99	0.23	7	8396529	PASS	-
PBI66098.barcode90	100.00	0.66	7	8990178	PASS	-
PBI66098.barcode91	99.99	1.35	4	10398585	PASS	-
PBI66098.barcode92	100.00	1.51	2	9180496	PASS	-
PBI66098.barcode93	99.99	0.16	11	9109578	PASS	-
PBI66098.barcode94	100.00	0.47	7	8400937	PASS	-
PBI66098.barcode95	100.00	1.02	8	10264137	PASS	-
PBI66098.barcode96	100.00	1.62	13	12351936	PASS	-
PBI66519.barcode01	99.93	3.09	2	8169755	PASS	-
PBI66519.barcode02	99.99	2.07	30	5157967	FAIL	contigs>20;
PBI66519.barcode03	98.87	0.00	3	5163985	PASS	-
PBI66519.barcode04	99.97	0.15	2	5171806	PASS	-
PBI66519.barcode05	100.00	84.81	4	5935198	FAIL	contamination>=5;
PBI66519.barcode06	100.00	0.11	1	3962342	PASS	-
PBI66519.barcode07	99.93	0.33	1	3600844	PASS	-
PBI66519.barcode08	100.00	0.15	5	5449668	PASS	-
PBI66519.barcode09	100.00	0.44	2	5526599	PASS	-
PBI66519.barcode10	100.00	0.69	4	5921547	PASS	-
PBI66519.barcode11	100.00	0.00	4	3755288	PASS	-
PBI66519.barcode12	100.00	0.58	7	6060424	PASS	-
PBI66519.barcode13	100.00	0.17	1	9082077	PASS	-
PBI66519.barcode14	100.00	0.24	11	7886454	PASS	-
PBI66519.barcode15	100.00	0.03	1	7659990	PASS	-
PBI66519.barcode16	100.00	0.28	8	5891296	PASS	-
PBI66519.barcode17	100.00	0.20	4	9138360	PASS	-
PBI66519.barcode18	100.00	1.16	14	8740957	PASS	-
PBI66519.barcode20	100.00	0.15	4	6431249	PASS	-
PBI66519.barcode21	99.99	0.45	2	8782423	PASS	-
PBI66519.barcode23	100.00	1.21	10	8744223	PASS	-
PBI66519.barcode24	100.00	1.21	10	8743434	PASS	-
PBI66519.barcode25	100.00	0.12	16	4971730	PASS	-
PBI66519.barcode26	96.11	6.07	870	5466466	FAIL	contamination>=5;contigs>20;
PBI66519.barcode27	89.93	4.70	520	5127198	FAIL	completeness<90;contigs>20;
PBI66519.barcode28	100.00	0.11	9	5923606	PASS	-
PBI66519.barcode29	100.00	0.59	283	9170713	FAIL	contigs>20;
PBI66519.barcode30	100.00	0.70	4	10930738	PASS	-
PBI66519.barcode31	6.89	0.01	92	338510	FAIL	completeness<90;contigs>20;size<1500000;
PBI66519.barcode32	100.00	1.09	176	9395476	FAIL	contigs>20;
PBI66519.barcode33	100.00	0.05	14	10547311	PASS	-
PBI66519.barcode34	99.99	4.94	516	9510455	FAIL	contigs>20;
PBI66519.barcode35	100.00	0.86	3	5484425	PASS	-
PBI66519.barcode36	100.00	0.03	1	3764506	PASS	-
PBI66519.barcode37	4.45	0.00	51	212146	FAIL	completeness<90;contigs>20;size<1500000;
PBI66519.barcode38	100.00	0.91	50	6408553	FAIL	contigs>20;
PBI66519.barcode39	100.00	0.55	9	9103340	PASS	-
PBI66519.barcode40	99.99	0.14	3	8953027	PASS	-
PBI66519.barcode41	100.00	0.49	9	9715876	PASS	-
PBI66519.barcode42	100.00	0.88	5	5074570	PASS	-
PBI66519.barcode43	95.27	3.28	1162	9152836	FAIL	contigs>20;
PBI66519.barcode44	100.00	0.46	1	6979650	PASS	-
PBI66519.barcode45	100.00	0.19	2	6356416	PASS	-
PBI66519.barcode46	86.36	2.49	687	4882355	FAIL	completeness<90;contigs>20;
PBI66519.barcode47	100.00	0.11	1	5325595	PASS	-
PBI66519.barcode48	100.00	0.07	3	5510541	PASS	-
PBI66519.barcode49	100.00	1.94	23	6090333	FAIL	contigs>20;
PBI66519.barcode50	100.00	0.12	1	5453743	PASS	-
PBI66519.barcode51	87.43	5.75	639	6064757	FAIL	completeness<90;contamination>=5;contigs>20;
PBI66519.barcode52	81.55	1.68	1165	7069203	FAIL	completeness<90;contigs>20;
PBI66519.barcode53	94.95	3.04	1222	8595581	FAIL	contigs>20;
PBI66519.barcode54	5.02	0.00	1	3081	FAIL	completeness<90;size<1500000;
PBI66519.barcode55	100.00	0.90	3	6497539	PASS	-
PBI66519.barcode56	100.00	0.12	1	5453740	PASS	-
PBI66519.barcode57	89.58	6.40	1611	8397816	FAIL	completeness<90;contamination>=5;contigs>20;
PBI66519.barcode58	99.63	1.24	183	6543475	FAIL	contigs>20;
PBI66519.barcode60	99.96	0.01	2	7320538	PASS	-
PBI66519.barcode61	100.00	0.78	6	8211199	PASS	-
PBI66519.barcode62	100.00	0.17	1	6417788	PASS	-
PBI66519.barcode63	99.98	0.28	6	7679955	PASS	-
PBI66519.barcode64	100.00	0.18	54	8643140	FAIL	contigs>20;
PBI66519.barcode65	100.00	0.12	1	5591265	PASS	-
PBI66519.barcode66	100.00	1.21	107	11138370	FAIL	contigs>20;
PBI66519.barcode67	100.00	0.55	19	8226950	PASS	-
PBI66519.barcode68	100.00	0.13	1	6159569	PASS	-
PBI66519.barcode69	99.95	1.40	115	5721217	FAIL	contigs>20;
PBI66519.barcode70	94.27	3.14	755	5684909	FAIL	contigs>20;
PBI66519.barcode71	100.00	0.48	3	5605675	PASS	-
PBI66519.barcode72	100.00	0.64	16	10962793	PASS	-
PBI66519.barcode73	100.00	0.53	116	10463835	FAIL	contigs>20;
PBI66519.barcode74	100.00	1.33	388	13313532	FAIL	contigs>20;
PBI66519.barcode76	100.00	0.82	2	7480110	PASS	-
PBI66519.barcode77	100.00	0.60	12	9189232	PASS	-
PBI66519.barcode79	100.00	0.42	3	8976578	PASS	-
PBI66519.barcode80	100.00	0.03	1	4109739	PASS	-
PBI66519.barcode81	100.00	0.52	8	5692897	PASS	-
PBI66519.barcode82	100.00	0.55	6	6108513	PASS	-
PBI66519.barcode83	100.00	0.23	4	7849479	PASS	-
PBI66519.barcode84	100.00	1.03	8	9362984	PASS	-
PBI66519.barcode85	100.00	0.43	5	9024089	PASS	-
PBI66519.barcode86	100.00	0.03	21	5818163	FAIL	contigs>20;
PBI66519.barcode87	99.94	0.01	8	8537830	PASS	-
PBI66519.barcode88	100.00	0.00	14	5599683	PASS	-
PBI66519.barcode89	100.00	0.18	11	7487249	PASS	-
PBI66519.barcode90	100.00	0.25	16	5725492	PASS	-
PBI66519.barcode91	100.00	0.12	22	7797528	FAIL	contigs>20;
PBI66519.barcode92	100.00	0.13	6	8748517	PASS	-
PBI66519.barcode93	99.68	0.10	6	4457659	PASS	-
PBI66519.barcode94	100.00	0.38	2	8817521	PASS	-
PBI66519.barcode95	100.00	4.45	2	8166149	PASS	-
PBI66519.barcode96	100.00	0.78	22	9222795	FAIL	contigs>20;
PBK85545.barcode01	100.00	0.46	5	5757464	PASS	-
PBK85545.barcode02	100.00	0.30	1	6109266	PASS	-
PBK85545.barcode03	100.00	3.09	10	9912199	PASS	-
PBK85545.barcode04	100.00	0.14	1	7166790	PASS	-
PBK85545.barcode05	100.00	0.09	2	4105374	PASS	-
PBK85545.barcode06	100.00	0.47	3	5867035	PASS	-
PBK85545.barcode07	100.00	2.76	208	5864531	FAIL	contigs>20;
PBK85545.barcode08	100.00	0.18	2	6149996	PASS	-
PBK85545.barcode09	100.00	0.26	4	6198277	PASS	-
PBK85545.barcode10	100.00	1.87	4	4531228	PASS	-
PBK85545.barcode11	100.00	0.41	1	6544165	PASS	-
PBK85545.barcode12	100.00	0.05	2	3776809	PASS	-
PBK85545.barcode13	100.00	0.28	2	3943777	PASS	-
PBK85545.barcode14	100.00	0.31	1	6376531	PASS	-
PBK85545.barcode15	100.00	1.29	3	9948863	PASS	-
PBK85545.barcode16	100.00	92.62	33	12904109	FAIL	contamination>=5;contigs>20;
PBK85545.barcode17	100.00	1.05	165	8807044	FAIL	contigs>20;
PBK85545.barcode18	100.00	0.30	3	8922305	PASS	-
PBK85545.barcode19	99.99	1.80	10	10317707	PASS	-
PBK85545.barcode20	100.00	0.04	8	9317986	PASS	-
PBK85545.barcode21	100.00	0.88	2	9126673	PASS	-
PBK85545.barcode23	99.99	0.29	2	8125873	PASS	-
PBK85545.barcode24	100.00	0.16	2	8889625	PASS	-
PBK85545.barcode25	100.00	0.21	55	9146107	FAIL	contigs>20;
PBK85545.barcode26	100.00	0.19	13	9165599	PASS	-
PBK85545.barcode27	100.00	0.05	144	9625551	FAIL	contigs>20;
PBK85545.barcode28	100.00	1.58	3	7839132	PASS	-
PBK85545.barcode29	99.99	0.17	1	3655211	PASS	-
PBK85545.barcode30	100.00	1.67	2	11289716	PASS	-
PBK85545.barcode31	100.00	0.83	2	7220540	PASS	-
PBK85545.barcode32	100.00	0.46	6	6021186	PASS	-
PBK85545.barcode33	98.95	1.14	99	9187503	FAIL	contigs>20;
PBK85545.barcode34	100.00	0.41	3	9054177	PASS	-
PBK85545.barcode35	100.00	0.42	2	7102875	PASS	-
PBK85545.barcode36	100.00	0.09	1	5830488	PASS	-
PBK85545.barcode37	99.99	0.72	5	8525021	PASS	-
PBK85545.barcode38	100.00	1.05	5	6923189	PASS	-
PBK85545.barcode39	99.96	0.03	2	8981509	PASS	-
PBK85545.barcode40	99.98	0.76	4	7808664	PASS	-
PBK85545.barcode41	100.00	0.18	5	7920437	PASS	-
PBK85545.barcode42	100.00	0.04	2	2545304	PASS	-
PBK85545.barcode43	100.00	2.00	4	10306722	PASS	-
PBK85545.barcode44	100.00	0.21	13	7275545	PASS	-
PBK85545.barcode45	100.00	0.11	115	10870432	FAIL	contigs>20;
PBK85545.barcode46	99.97	0.08	14	7726237	PASS	-
PBK85545.barcode47	100.00	0.75	2	8776008	PASS	-
PBK85545.barcode48	99.98	0.64	2	8995876	PASS	-
PBK85545.barcode49	100.00	0.97	4	11153571	PASS	-
PBK85545.barcode50	100.00	0.47	22	9432879	FAIL	contigs>20;
PBK85545.barcode51	100.00	0.01	6	10307771	PASS	-
PBK85545.barcode52	100.00	0.28	126	9672600	FAIL	contigs>20;
PBK85545.barcode53	99.98	0.02	4	7543650	PASS	-
PBK85545.barcode54	100.00	0.09	1	5828729	PASS	-
PBK85545.barcode55	100.00	0.21	4	8166708	PASS	-
PBK85545.barcode56	100.00	0.00	8	10267257	PASS	-
PBK85545.barcode57	100.00	0.36	6	9534813	PASS	-
PBK85545.barcode58	100.00	2.28	287	8961221	FAIL	contigs>20;
PBK85545.barcode59	100.00	0.77	3	9498506	PASS	-
PBK85545.barcode60	99.99	0.75	180	9693839	FAIL	contigs>20;
PBK85545.barcode61	100.00	0.00	79	7878049	FAIL	contigs>20;
PBK85545.barcode62	100.00	0.14	54	9291379	FAIL	contigs>20;
PBK85545.barcode63	100.00	0.55	10	10814219	PASS	-
PBK85545.barcode64	100.00	0.18	3	9326575	PASS	-
PBK85545.barcode65	100.00	2.32	5	9619659	PASS	-
PBK85545.barcode66	100.00	2.38	2	9585466	PASS	-
PBK85545.barcode67	100.00	0.42	2	8884500	PASS	-
PBK85545.barcode68	99.99	0.41	7	7455026	PASS	-
PBK85545.barcode69	100.00	0.60	17	8628485	PASS	-
PBK85545.barcode70	100.00	0.30	5	8904139	PASS	-
PBK85545.barcode71	99.98	1.53	752	12348222	FAIL	contigs>20;
PBK85545.barcode72	100.00	0.79	8	10342559	PASS	-
PBK85545.barcode73	99.99	0.85	12	8818341	PASS	-
PBK85545.barcode74	100.00	0.26	8	8933822	PASS	-
PBK85545.barcode75	100.00	0.07	3	8036318	PASS	-
PBK85545.barcode77	100.00	2.25	392	11678361	FAIL	contigs>20;
PBK85545.barcode79	100.00	0.24	4	7756321	PASS	-
PBK85545.barcode80	100.00	0.02	4	8953434	PASS	-
PBK85545.barcode81	99.27	0.28	264	7553683	FAIL	contigs>20;
PBK85545.barcode82	100.00	0.34	6	6015634	PASS	-
PBK85545.barcode83	99.99	0.53	2	10761344	PASS	-
PBK85545.barcode84	99.99	1.80	3	10305696	PASS	-
PBK85545.barcode85	97.38	3.40	6	10875146	PASS	-
PBK85545.barcode86	100.00	0.39	72	9427801	FAIL	contigs>20;
PBK85545.barcode87	100.00	0.26	1	6044465	PASS	-
PBK85545.barcode88	100.00	0.27	3	2599022	PASS	-
PBK85545.barcode89	100.00	0.12	4	4196346	PASS	-
PBK85545.barcode90	100.00	0.18	5	9174186	PASS	-
PBK85545.barcode91	100.00	0.11	6	8999499	PASS	-
PBK85545.barcode92	100.00	0.21	4	9176147	PASS	-
PBK85545.barcode93	100.00	0.30	1	8612968	PASS	-
PBK85545.barcode94	100.00	0.31	2	8794015	PASS	-
PBK85545.barcode95	100.00	1.85	3	9145468	PASS	-
PBK85545.barcode96	43.66	4.76	609	3872240	FAIL	completeness<90;contigs>20;
