sample	reads	total_bp	mean_length	status
PAW76169.barcode55	37939	300001513	7907.47	PASS
PBK85545.barcode74	76316	300000290	3931.03	PASS
PAQ88969.barcode41	150000	203815354	1358.77	PASS
PBI66098.barcode57	40543	300000462	7399.56	PASS
PBK85545.barcode22	81371	6231781	76.58	FAIL
PAQ87969.barcode61	319679	300000062	938.44	PASS
PAW76169.barcode90	38014	300002212	7891.89	PASS
PAW76169.barcode28	86748	300001177	3458.31	PASS
PBI66098.barcode11	153380	83218015	542.56	PASS
PBI66098.barcode72	49703	300002422	6035.90	PASS
PBI66098.barcode63	44144	300001296	6795.97	PASS
PBK85545.barcode50	140536	300000790	2134.69	PASS
PAQ87969.barcode50	125924	300000009	2382.39	PASS
PAQ88969.barcode62	46763	300002364	6415.38	PASS
PAQ89233.barcode07	18743	300013622	16006.70	PASS
PAQ89233.barcode68	64986	300001830	4616.41	PASS
PBI66098.barcode44	208486	205997673	988.06	PASS
PAW76169.barcode40	29	36338	1253.03	FAIL
PBI66098.barcode95	58760	300000166	5105.52	PASS
PAQ88969.barcode86	30000	34952432	1165.08	PASS
PBK85545.barcode71	520242	258001679	495.93	PASS
PAQ87969.barcode47	35149	300003594	8535.20	PASS
PAQ88969.barcode96	20000	12098882	604.94	PASS
PBK85545.barcode13	37246	300003354	8054.65	PASS
PAQ87969.barcode33	106209	121269121	1141.80	PASS
PBI66098.barcode80	31333	300001309	9574.61	PASS
PBK85545.barcode36	36967	300000268	8115.35	PASS
PAQ89233.barcode77	50564	13584526	268.66	FAIL
PAQ88969.barcode57	132044	300000137	2271.97	PASS
PBK85545.barcode77	526254	287221756	545.79	PASS
PAQ87969.barcode03	74792	26228119	350.68	PASS
PBI66098.barcode49	2052	314174	153.11	FAIL
PAQ89233.barcode76	100760	66977868	664.73	PASS
PBI66098.barcode41	90630	300000574	3310.17	PASS
PAQ88969.barcode47	82997	300001765	3614.61	PASS
PAW76169.barcode43	11901	1079879	90.74	FAIL
PAW76169.barcode54	63155	300000837	4750.23	PASS
PBK85545.barcode04	20849	300009673	14389.64	PASS
PBK85545.barcode68	54428	300000431	5511.88	PASS
PBK85545.barcode42	38243	300000315	7844.58	PASS
PAQ87969.barcode56	49278	300003539	6087.98	PASS
PAW76169.barcode23	53611	300003090	5595.92	PASS
PAY08219.barcode16	34375	300001430	8727.31	PASS
PAQ88969.barcode40	25424	300005538	11800.09	PASS
PAQ88969.barcode71	100000	23596708	235.97	FAIL
PAQ89233.barcode50	121847	65649555	538.79	PASS
PAQ88969.barcode69	30000	49258884	1641.96	PASS
PAQ87969.barcode91	180815	300000470	1659.16	PASS
PBI66098.barcode53	95711	46709884	488.03	PASS
PAQ87969.barcode96	59569	300003222	5036.23	PASS
PAW76169.barcode78	317053	180898678	570.56	PASS
PAQ87969.barcode20	97631	300000373	3072.80	PASS
PAQ89233.barcode60	149206	99593689	667.49	PASS
PBK85545.barcode47	27741	300005896	10814.53	PASS
PAQ89233.barcode38	129679	79115280	610.09	PASS
PAQ87969.barcode22	190664	249890425	1310.63	PASS
PAQ89233.barcode87	57989	17562432	302.86	PASS
PAY08219.barcode17	35009	300000038	8569.23	PASS
PAQ87969.barcode43	270285	190388883	704.40	PASS
PAW76169.barcode32	28177	300006095	10647.20	PASS
PAQ89233.barcode34	290137	246834452	850.75	PASS
PAQ89233.barcode43	22899	7320460	319.68	FAIL
PAQ89233.barcode54	63302	30831514	487.05	PASS
PBK85545.barcode24	41802	300002756	7176.76	PASS
PAW76169.barcode07	24682	300000880	12154.64	PASS
PAQ89233.barcode13	196180	140520853	716.29	PASS
PBK85545.barcode92	38940	300002799	7704.23	PASS
PAQ88969.barcode65	137929	300000182	2175.03	PASS
PAQ89233.barcode73	32727	16531774	505.14	PASS
PAQ89233.barcode95	105815	86152215	814.18	PASS
PAQ87969.barcode49	43423	300004394	6908.88	PASS
PBI66098.barcode83	60364	300002316	4969.89	PASS
PBI66098.barcode28	56012	300000823	5356.01	PASS
PAQ89233.barcode19	43805	8016723	183.01	FAIL
PBI66098.barcode15	236487	235106967	994.16	PASS
PBI66098.barcode17	53488	300003233	5608.80	PASS
PBI66098.barcode32	44743	300004026	6705.05	PASS
PAQ88969.barcode51	120000	53696374	447.47	PASS
PAQ89233.barcode62	41146	23551006	572.38	PASS
PAQ88969.barcode64	260000	169880852	653.39	PASS
PAY08219.barcode01	128793	240212678	1865.11	PASS
PAQ88969.barcode38	89668	300000227	3345.68	PASS
PAQ87969.barcode83	133327	145384614	1090.44	PASS
PBI66098.barcode42	44538	300003081	6735.89	PASS
PAQ87969.barcode09	49149	300001247	6103.91	PASS
PAQ87969.barcode70	269114	283178216	1052.26	PASS
PBI66098.barcode71	83250	300002154	3603.63	PASS
PAW76169.barcode27	124914	249267084	1995.51	PASS
PAQ89233.barcode65	118605	102590005	864.97	PASS
PAQ88969.barcode29	190618	300000087	1573.83	PASS
PAQ89233.barcode06	6351	839079	132.12	FAIL
PAQ89233.barcode11	60592	13917803	229.70	FAIL
PBK85545.barcode32	95423	300001750	3143.91	PASS
PAW76169.barcode15	19083	300013658	15721.51	PASS
PAQ89233.barcode31	47792	21955153	459.39	PASS
PAW76169.barcode94	37436	300004409	8013.79	PASS
PAQ89233.barcode71	4729	880250	186.14	FAIL
PAQ89233.barcode09	273651	199597770	729.39	PASS
PAW76169.barcode49	57157	300001704	5248.73	PASS
PAQ89233.barcode08	15157	2902479	191.49	FAIL
PAY08219.barcode24	66631	300001292	4502.43	PASS
PAQ87969.barcode30	74941	49938220	666.37	PASS
PAQ89233.barcode88	90302	51662938	572.11	PASS
PBI66098.barcode24	44953	300001962	6673.68	PASS
PAQ87969.barcode16	27367	300001359	10962.16	PASS
PAW76169.barcode95	21013	300005294	14277.13	PASS
PAQ87969.barcode87	63244	300000781	4743.55	PASS
PAQ89233.barcode56	56562	300000325	5303.92	PASS
PBI66098.barcode79	26853	300004668	11172.11	PASS
PAY08219.barcode30	31829	2216669	69.64	FAIL
PAQ88969.barcode01	41100	300004439	7299.38	PASS
PAQ87969.barcode63	65657	300002546	4569.24	PASS
PAQ89233.barcode28	43273	10423516	240.88	FAIL
PAQ89233.barcode26	182777	129788821	710.09	PASS
PBK85545.barcode11	20808	300010348	14418.03	PASS
PBI66098.barcode23	248738	276718036	1112.49	PASS
PBK85545.barcode72	53335	300003709	5624.89	PASS
PAW76169.barcode01	56485	300000292	5311.15	PASS
PBK85545.barcode43	48851	300001299	6141.15	PASS
PAQ87969.barcode64	108794	52735543	484.73	PASS
PBI66098.barcode81	33014	300004464	9087.19	PASS
PAQ88969.barcode83	20369	300001648	14728.34	PASS
PBK85545.barcode05	30913	300008582	9704.93	PASS
PAQ88969.barcode45	333490	300000022	899.58	PASS
PBI66098.barcode52	53431	300000902	5614.73	PASS
PAY08219.barcode05	34615	300006176	8666.94	PASS
PBI66098.barcode90	56007	300002997	5356.53	PASS
PAQ89233.barcode27	226380	193293323	853.84	PASS
PAQ89233.barcode30	199765	153839794	770.10	PASS
PBK85545.barcode16	17366	300000656	17275.17	PASS
PBK85545.barcode56	130136	300000644	2305.29	PASS
PAW76169.barcode56	39798	300000901	7538.09	PASS
PBK85545.barcode86	253154	300000068	1185.05	PASS
PAQ88969.barcode23	30000	30309196	1010.31	PASS
PBI66098.barcode46	35864	300001529	8364.98	PASS
PBK85545.barcode34	54704	300002330	5484.10	PASS
PAQ88969.barcode27	70000	123652422	1766.46	PASS
PAQ89233.barcode90	162455	191466717	1178.58	PASS
PBK85545.barcode49	126531	300000011	2370.96	PASS
PAQ88969.barcode20	79789	300001345	3759.93	PASS
PBK85545.barcode23	24771	300006365	12111.19	PASS
PBK85545.barcode53	353554	235981273	667.45	PASS
PAY08219.barcode06	38351	300001031	7822.51	PASS
PBK85545.barcode79	45973	300000267	6525.58	PASS
PAQ89233.barcode21	127703	77251917	604.93	PASS
PBK85545.barcode27	200065	192167898	960.53	PASS
PAW76169.barcode41	27428	300000453	10937.74	PASS
PBK85545.barcode20	67076	300001704	4472.56	PASS
PBK85545.barcode61	248999	188696636	757.82	PASS
PBI66098.barcode75	15049	2890802	192.09	FAIL
PAY08219.barcode13	128479	281431883	2190.49	PASS
PBK85545.barcode60	326931	239630136	732.97	PASS
PBI66098.barcode14	172835	90434159	523.24	PASS
PAW76169.barcode39	72048	300002651	4163.93	PASS
PAW76169.barcode88	493143	245782196	498.40	PASS
PAQ88969.barcode28	49611	300001987	6047.09	PASS
PBK85545.barcode80	36012	300004435	8330.68	PASS
PAQ89233.barcode72	1545	3106748	2010.84	FAIL
PAQ87969.barcode39	40401	300001803	7425.60	PASS
PAQ87969.barcode24	415446	248847555	598.99	PASS
PAQ87969.barcode67	117578	97235160	826.98	PASS
PAW76169.barcode79	34886	300001840	8599.49	PASS
PAW76169.barcode85	40785	3192361	78.27	FAIL
PAQ88969.barcode04	10000	11407601	1140.76	PASS
PBI66098.barcode35	68484	300000949	4380.60	PASS
PAW76169.barcode64	48044	300000868	6244.29	PASS
PAQ89233.barcode48	61048	25603664	419.40	PASS
PBI66098.barcode03	203790	300000234	1472.10	PASS
PAQ88969.barcode07	260000	147493630	567.28	PASS
PAW76169.barcode92	42926	300003672	6988.86	PASS
PAQ87969.barcode31	171080	300000246	1753.57	PASS
PBK85545.barcode87	40180	300004214	7466.51	PASS
PAQ87969.barcode90	224050	261778482	1168.39	PASS
PAQ88969.barcode15	65613	300000741	4572.28	PASS
PAQ89233.barcode01	21624	6364348	294.32	FAIL
PAQ87969.barcode15	35651	300000995	8414.94	PASS
PBK85545.barcode85	35573	300001464	8433.40	PASS
PAW76169.barcode84	10832	300017382	27697.32	PASS
PAQ89233.barcode41	31490	300006210	9527.03	PASS
PBK85545.barcode70	53484	300002353	5609.20	PASS
PAW76169.barcode96	207918	300000457	1442.88	PASS
PAQ87969.barcode40	58201	300001812	5154.58	PASS
PBI66098.barcode89	67046	300000927	4474.55	PASS
PBI66098.barcode18	179861	87554744	486.79	PASS
PAY08219.barcode18	62414	300000636	4806.62	PASS
PAQ89233.barcode18	180689	300000093	1660.31	PASS
PAQ87969.barcode14	49123	300001332	6107.15	PASS
PAW76169.barcode67	25157	300009257	11925.48	PASS
PAQ88969.barcode70	61913	300000925	4845.52	PASS
PBK85545.barcode35	30867	300001482	9719.17	PASS
PAW76169.barcode31	69140	300000822	4339.03	PASS
PAQ89233.barcode74	205268	274461110	1337.09	PASS
PAW76169.barcode06	44140	300003255	6796.63	PASS
PBK85545.barcode25	397315	250186970	629.69	PASS
PAQ88969.barcode73	10000	4694927	469.49	FAIL
PBI66098.barcode30	57615	300000103	5206.98	PASS
PBI66098.barcode21	39395	300002813	7615.25	PASS
PAQ88969.barcode16	29318	300001952	10232.69	PASS
PBI66098.barcode50	145672	300000797	2059.43	PASS
PBI66098.barcode55	40211	300002662	7460.71	PASS
PAW76169.barcode24	55774	300000110	5378.85	PASS
PAQ89233.barcode37	58474	22846100	390.71	PASS
PAQ89233.barcode78	182765	226313751	1238.28	PASS
PAQ89233.barcode96	7423	947118	127.59	FAIL
PAQ89233.barcode25	14066	1631522	115.99	FAIL
PAQ87969.barcode45	44476	300003730	6745.29	PASS
PAQ87969.barcode92	48727	300000343	6156.76	PASS
PAQ88969.barcode06	50000	37511581	750.23	PASS
PAW76169.barcode93	383301	276240707	720.69	PASS
PAW76169.barcode61	15236	300002971	19690.40	PASS
PAQ89233.barcode20	85851	54009390	629.11	PASS
PAQ88969.barcode32	32930	300001516	9110.28	PASS
PBI66098.barcode38	34106	300001498	8796.15	PASS
PAW76169.barcode20	68443	300002088	4383.24	PASS
PBK85545.barcode62	196724	206993605	1052.20	PASS
PBI66098.barcode68	30010	300005015	9996.83	PASS
PAW76169.barcode35	289988	299223608	1031.85	PASS
PAW76169.barcode21	45310	300001699	6621.09	PASS
PBI66098.barcode82	57147	300001410	5249.64	PASS
PAQ89233.barcode58	52224	52135984	998.31	PASS
PAQ89233.barcode64	333242	297904488	893.96	PASS
PAW76169.barcode17	138486	32487333	234.59	FAIL
PAQ87969.barcode25	53045	300000552	5655.59	PASS
PAQ89233.barcode52	90103	35148951	390.10	PASS
PAQ88969.barcode53	125009	300000278	2399.83	PASS
PAW76169.barcode46	31089	2854271	91.81	FAIL
PBK85545.barcode39	51011	300003804	5881.16	PASS
PAQ89233.barcode75	356344	264537332	742.37	PASS
PBK85545.barcode08	45510	300002518	6592.01	PASS
PAQ88969.barcode94	45129	300003783	6647.69	PASS
PAW76169.barcode86	42027	300001446	7138.30	PASS
PAQ88969.barcode76	20000	24772126	1238.61	PASS
PAQ87969.barcode86	218950	211379095	965.42	PASS
PAQ87969.barcode78	25786	7421117	287.80	FAIL
PBK85545.barcode48	75176	300001256	3990.65	PASS
PAQ87969.barcode65	84481	98493077	1165.86	PASS
PAY08219.barcode04	32105	300000494	9344.35	PASS
PAY08219.barcode23	34879	300000586	8601.18	PASS
PBI66098.barcode93	85971	300002338	3489.58	PASS
PAW76169.barcode66	22319	300004220	13441.65	PASS
PBK85545.barcode06	22928	300001522	13084.50	PASS
PAQ88969.barcode58	130000	297147962	2285.75	PASS
PAQ88969.barcode49	40000	64978250	1624.46	PASS
PBI66098.barcode05	182443	107980314	591.86	PASS
PAW76169.barcode44	48486	300003915	6187.43	PASS
PBK85545.barcode52	201497	193477928	960.20	PASS
PAQ88969.barcode55	22916	300000715	13091.32	PASS
PAQ87969.barcode57	51722	300000865	5800.26	PASS
PBK85545.barcode44	116856	300000950	2567.27	PASS
PAQ88969.barcode46	29676	300004915	10109.34	PASS
PAW76169.barcode91	43816	300001746	6846.85	PASS
PAQ88969.barcode31	103883	300000043	2887.86	PASS
PAQ89233.barcode45	146983	87798991	597.34	PASS
PAQ89233.barcode15	246378	295646584	1199.97	PASS
PBK85545.barcode75	107011	300000790	2803.46	PASS
PAQ89233.barcode81	58086	43883082	755.48	PASS
PAQ88969.barcode14	10000	1595917	159.59	FAIL
PAQ87969.barcode01	183900	74923101	407.41	PASS
PBI66098.barcode12	250556	289418634	1155.11	PASS
PAW76169.barcode36	57565	300001572	5211.53	PASS
PAQ89233.barcode16	340943	253483523	743.48	PASS
PAQ87969.barcode02	12028	3253967	270.53	FAIL
PBK85545.barcode03	52143	300003051	5753.47	PASS
PAW76169.barcode59	33787	300005281	8879.31	PASS
PAW76169.barcode69	30426	300005619	9860.17	PASS
PAQ87969.barcode28	36122	300005878	8305.35	PASS
PAY08219.barcode25	131840	217366720	1648.72	PASS
PAQ87969.barcode35	172282	234549120	1361.43	PASS
PAQ88969.barcode61	170000	94489079	555.82	PASS
PAQ89233.barcode40	149879	300000066	2001.62	PASS
PBK85545.barcode41	60615	300002299	4949.31	PASS
PBI66098.barcode84	43418	300001685	6909.62	PASS
PAQ89233.barcode82	77557	45525753	587.00	PASS
PBK85545.barcode66	33505	300002420	8953.96	PASS
PBK85545.barcode91	101759	300000957	2948.15	PASS
PBK85545.barcode51	71421	300000155	4200.45	PASS
PAQ89233.barcode24	235152	285319141	1213.34	PASS
PAQ89233.barcode03	41706	7511034	180.09	FAIL
PBK85545.barcode69	118216	300001004	2537.74	PASS
PAW76169.barcode71	59695	300000209	5025.55	PASS
PAQ88969.barcode02	29523	300005151	10161.74	PASS
PAQ89233.barcode66	240630	205339484	853.34	PASS
PAQ87969.barcode10	228741	138135835	603.90	PASS
PAQ88969.barcode87	230000	233784261	1016.45	PASS
PBI66098.barcode58	227291	261524042	1150.61	PASS
PAQ89233.barcode17	155744	113319584	727.60	PASS
PAW76169.barcode77	96017	300000202	3124.45	PASS
PAQ89233.barcode42	147659	210032535	1422.42	PASS
PBI66098.barcode61	96030	300000417	3124.03	PASS
PBI66098.barcode01	248497	180497695	726.36	PASS
PBK85545.barcode09	72646	300001542	4129.64	PASS
PAQ89233.barcode36	228342	181199203	793.54	PASS
PBK85545.barcode14	38731	300004057	7745.84	PASS
PBK85545.barcode15	33170	300005022	9044.47	PASS
PAQ87969.barcode34	64615	15772507	244.10	FAIL
PAQ88969.barcode85	63337	300001441	4736.59	PASS
PAQ87969.barcode08	99417	79325836	797.91	PASS
PBI66098.barcode56	23548	300002268	12740.03	PASS
PBK85545.barcode78	34183	2550325	74.61	FAIL
PAW76169.barcode74	37940	300003133	7907.30	PASS
PBI66098.barcode51	45226	300002950	6633.42	PASS
PAQ88969.barcode12	50258	300000088	5969.20	PASS
PBI66098.barcode92	44427	300000847	6752.67	PASS
PAY08219.barcode15	88786	207099112	2332.56	PASS
PAW76169.barcode62	29120	300004519	10302.35	PASS
PAQ87969.barcode79	165542	300000026	1812.23	PASS
PAW76169.barcode89	37149	300005351	8075.73	PASS
PBK85545.barcode55	37257	300005777	8052.33	PASS
PAQ89233.barcode59	159831	133940926	838.02	PASS
PBI66098.barcode13	36388	300002552	8244.55	PASS
PBI66098.barcode64	99448	66631056	670.01	PASS
PAW76169.barcode12	52489	300001379	5715.51	PASS
PAQ88969.barcode90	75943	300000409	3950.34	PASS
PAQ88969.barcode18	20000	7231526	361.58	FAIL
PAY08219.barcode41	223127	157134835	704.24	PASS
PBK85545.barcode10	58940	300001906	5089.95	PASS
PAQ88969.barcode78	156753	300000072	1913.84	PASS
PAW76169.barcode70	64660	300001987	4639.68	PASS
PAQ89233.barcode93	60275	28950265	480.30	PASS
PAW76169.barcode09	66854	300000918	4487.40	PASS
PBK85545.barcode89	100968	300000407	2971.24	PASS
PAW76169.barcode45	47334	300001728	6337.98	PASS
PAW76169.barcode19	27301	2320723	85.01	FAIL
PAQ89233.barcode63	227306	208054607	915.31	PASS
PBI66098.barcode85	35624	300005548	8421.44	PASS
PBK85545.barcode63	48948	300002055	6129.00	PASS
PAQ87969.barcode82	137452	111339828	810.03	PASS
PBK85545.barcode81	482464	183532697	380.41	PASS
PAQ88969.barcode67	72404	300001063	4143.43	PASS
PAW76169.barcode38	92719	300000493	3235.59	PASS
PAQ87969.barcode88	142726	300000031	2101.93	PASS
PBI66098.barcode16	29520	300005833	10162.80	PASS
PBK85545.barcode12	53107	300001684	5649.00	PASS
PAQ87969.barcode53	50814	300002448	5903.93	PASS
PBK85545.barcode38	162728	300000476	1843.57	PASS
PAQ87969.barcode60	119880	300000414	2502.51	PASS
PAQ89233.barcode04	47197	300001995	6356.38	PASS
PAY08219.barcode33	177057	214082035	1209.11	PASS
PAQ87969.barcode11	93217	300000603	3218.30	PASS
PAY08219.barcode20	74223	300001011	4041.89	PASS
PAW76169.barcode65	18923	300006513	15854.07	PASS
PAY08219.barcode02	57859	300001249	5185.04	PASS
PAQ87969.barcode27	42673	300000645	7030.22	PASS
PBK85545.barcode33	231458	148732953	642.59	PASS
PAY08219.barcode42	53763	300002301	5580.09	PASS
PAQ87969.barcode84	161510	175846469	1088.77	PASS
PBI66098.barcode69	31926	300005171	9396.89	PASS
PAQ88969.barcode75	150000	266513399	1776.76	PASS
PAQ89233.barcode23	90480	300000322	3315.65	PASS
PAQ88969.barcode95	22725	300000764	13201.35	PASS
PBK85545.barcode45	137029	300000662	2189.32	PASS
PAQ89233.barcode70	22110	300003568	13568.68	PASS
PAQ87969.barcode37	57310	300001707	5234.72	PASS
PAY08219.barcode27	73715	300001762	4069.75	PASS
PAQ88969.barcode59	130357	300000405	2301.38	PASS
PAQ87969.barcode72	282196	300000216	1063.09	PASS
PAQ89233.barcode05	27407	300003690	10946.24	PASS
PAW76169.barcode52	29547	300003258	10153.43	PASS
PBK85545.barcode76	54378	3963499	72.89	FAIL
PAQ89233.barcode79	41245	300000208	7273.61	PASS
PAQ87969.barcode12	67280	300000060	4458.98	PASS
PAQ88969.barcode36	40000	10651319	266.28	FAIL
PAQ87969.barcode05	146242	98937095	676.53	PASS
PAW76169.barcode75	52460	300002990	5718.70	PASS
PAQ87969.barcode32	56172	300002513	5340.78	PASS
PBK85545.barcode65	47503	300003337	6315.46	PASS
PBK85545.barcode84	45210	300001772	6635.74	PASS
PBI66098.barcode34	50548	300001673	5934.99	PASS
PAW76169.barcode14	47044	300003172	6377.08	PASS
PAQ89233.barcode46	81518	51762435	634.98	PASS
PBI66098.barcode86	6106	949924	155.57	FAIL
PAQ87969.barcode80	110835	102693029	926.54	PASS
PBI66098.barcode59	47091	300002412	6370.70	PASS
PAY08219.barcode35	52607	300000329	5702.67	PASS
PAQ87969.barcode95	118752	300000703	2526.28	PASS
PBI66098.barcode19	8222	1404555	170.83	FAIL
PBI66098.barcode74	63771	300005648	4704.42	PASS
PAQ88969.barcode25	50734	300002631	5913.25	PASS
PAW76169.barcode25	107233	300000640	2797.65	PASS
PAQ88969.barcode21	390000	223095200	572.04	PASS
PAY08219.barcode36	41944	300001098	7152.42	PASS
PBK85545.barcode07	258882	300000166	1158.83	PASS
PAW76169.barcode73	62624	155403948	2481.54	PASS
PAW76169.barcode37	39105	300001258	7671.69	PASS
PBI66098.barcode62	123722	202534187	1637.01	PASS
PBI66098.barcode88	54195	300003549	5535.63	PASS
PAQ88969.barcode13	30000	40682917	1356.10	PASS
PAY08219.barcode40	88068	300000018	3406.46	PASS
PAQ87969.barcode74	24893	5473663	219.89	FAIL
PBK85545.barcode29	36450	300004051	8230.56	PASS
PBI66098.barcode47	41626	300001646	7207.07	PASS
PBI66098.barcode67	32174	300001858	9324.36	PASS
PBK85545.barcode82	29851	300006667	10050.14	PASS
PBI66098.barcode09	253114	196391121	775.90	PASS
PAW76169.barcode87	423374	197290883	466.00	PASS
PBI66098.barcode65	67765	300002747	4427.10	PASS
PAW76169.barcode80	259006	162684696	628.11	PASS
PAW76169.barcode11	217713	300000028	1377.96	PASS
PAW76169.barcode58	31261	300000753	9596.65	PASS
PAQ87969.barcode62	17433	300004352	17208.99	PASS
PAQ87969.barcode89	190797	300000150	1572.35	PASS
PBK85545.barcode26	358934	290993022	810.71	PASS
PAQ87969.barcode85	330972	246940008	746.11	PASS
PAQ89233.barcode39	128164	300000574	2340.76	PASS
PBK85545.barcode37	81733	300001189	3670.50	PASS
PBI66098.barcode96	49550	300001432	6054.52	PASS
PBK85545.barcode95	33070	300005302	9071.83	PASS
PBK85545.barcode58	399884	237460894	593.82	PASS
PAQ87969.barcode81	11947	2280417	190.88	FAIL
PAQ88969.barcode37	220000	172104046	782.29	PASS
PAQ89233.barcode10	108510	142272813	1311.15	PASS
PAQ88969.barcode89	30715	300003314	9767.32	PASS
PBI66098.barcode54	122514	150724704	1230.27	PASS
PBI66098.barcode27	44541	300002687	6735.43	PASS
PAW76169.barcode34	45432	300001895	6603.32	PASS
PAW76169.barcode83	21623	300019366	13875.01	PASS
PBK85545.barcode02	24475	300005352	12257.62	PASS
PAW76169.barcode13	151468	71924340	474.85	PASS
PAY08219.barcode38	35409	300000285	8472.43	PASS
PAQ88969.barcode34	30000	15621284	520.71	PASS
PAQ88969.barcode72	42490	300004055	7060.58	PASS
PAQ87969.barcode26	43517	300003764	6893.94	PASS
PAQ87969.barcode41	50718	300001831	5915.10	PASS
PBI66098.barcode60	149921	300000046	2001.05	PASS
PAQ87969.barcode73	76845	300000459	3903.97	PASS
PAW76169.barcode51	49542	300001823	6055.50	PASS
PBK85545.barcode31	71286	300002691	4208.44	PASS
PAQ88969.barcode09	233377	300000131	1285.47	PASS
PAQ89233.barcode35	32505	9897899	304.50	FAIL
PAQ88969.barcode60	99453	300000182	3016.50	PASS
PAQ87969.barcode71	31880	4729377	148.35	FAIL
PAQ87969.barcode36	162096	234233630	1445.03	PASS
PAY08219.barcode28	33253	300005744	9021.92	PASS
PAQ87969.barcode77	78696	300000263	3812.14	PASS
PAQ89233.barcode69	177055	216277298	1221.53	PASS
PAW76169.barcode30	52845	300002977	5677.04	PASS
PBI66098.barcode02	221445	117600584	531.06	PASS
PAQ87969.barcode75	40932	300004605	7329.34	PASS
PAQ89233.barcode02	49427	18621169	376.74	PASS
PAW76169.barcode60	209873	300000141	1429.44	PASS
PAQ87969.barcode59	46376	300003426	6468.94	PASS
PBK85545.barcode28	17562	300002317	17082.47	PASS
PAY08219.barcode21	45330	300000133	6618.14	PASS
PAQ89233.barcode53	108918	69637127	639.35	PASS
PAW76169.barcode76	381541	180975489	474.33	PASS
PAQ87969.barcode46	34049	300004905	8810.98	PASS
PBI66098.barcode43	59346	300005229	5055.19	PASS
PAQ88969.barcode39	280000	274631973	980.83	PASS
PAW76169.barcode50	69245	300001659	4332.47	PASS
PBK85545.barcode67	53144	300002915	5645.09	PASS
PAW76169.barcode82	30163	300006401	9946.17	PASS
PAQ89233.barcode49	43314	18539035	428.01	PASS
PAQ87969.barcode19	220593	275011244	1246.69	PASS
PBI66098.barcode70	76242	300000365	3934.84	PASS
PAQ88969.barcode48	120000	140590458	1171.59	PASS
PBK85545.barcode40	51797	300002978	5791.90	PASS
PAY08219.barcode32	55203	45393125	822.29	PASS
PAQ89233.barcode55	89742	300001242	3342.93	PASS
PAY08219.barcode12	93748	300000080	3200.07	PASS
PAY08219.barcode19	51434	300002878	5832.77	PASS
PAQ89233.barcode85	258024	292034978	1131.81	PASS
PBI66098.barcode87	56540	300003101	5306.03	PASS
PBI66098.barcode66	34763	300003719	8629.97	PASS
PAQ89233.barcode61	32402	7556559	233.21	FAIL
PBK85545.barcode94	42301	300003633	7092.12	PASS
PAQ87969.barcode55	60595	300001411	4950.93	PASS
PAW76169.barcode63	54924	300002454	5462.14	PASS
PBI66098.barcode31	52356	166867128	3187.16	PASS
PBI66098.barcode29	37383	300005283	8025.18	PASS
PAQ87969.barcode76	140048	300000373	2142.13	PASS
PBK85545.barcode64	31363	300006628	9565.62	PASS
PBI66098.barcode76	174463	137880855	790.32	PASS
PAQ87969.barcode21	480648	222716032	463.37	PASS
PAW76169.barcode02	54768	300002164	5477.69	PASS
PBI66098.barcode77	33156	300006806	9048.34	PASS
PAQ87969.barcode52	22422	6290874	280.57	FAIL
PAQ88969.barcode81	35976	300003161	8338.98	PASS
PAQ87969.barcode51	46860	300004219	6402.14	PASS
PAQ87969.barcode44	48972	300002128	6125.99	PASS
PBI66098.barcode26	192475	258436795	1342.70	PASS
PBI66098.barcode94	55416	300000216	5413.60	PASS
PAY08219.barcode07	62515	300002317	4798.89	PASS
PAY08219.barcode39	51228	300001041	5856.19	PASS
PAW76169.barcode57	25908	300003909	11579.59	PASS
PAQ88969.barcode52	90445	300000545	3316.94	PASS
PAQ87969.barcode93	68863	300001775	4356.50	PASS
PAY08219.barcode14	51656	300002180	5807.69	PASS
PBK85545.barcode90	32061	300001733	9357.22	PASS
PAQ87969.barcode69	38799	7382668	190.28	FAIL
PAW76169.barcode18	241926	300000083	1240.05	PASS
PAQ88969.barcode30	59792	300000682	5017.41	PASS
PAW76169.barcode48	171654	168263654	980.25	PASS
PAQ87969.barcode48	47907	300003261	6262.20	PASS
PAQ88969.barcode84	80000	104491417	1306.14	PASS
PBI66098.barcode40	25092	300003834	11956.15	PASS
PBI66098.barcode39	36544	300004513	8209.41	PASS
PBK85545.barcode46	413461	254667131	615.94	PASS
PBI66098.barcode37	174066	123829074	711.39	PASS
PAW76169.barcode53	57321	300001854	5233.72	PASS
PBK85545.barcode21	43110	300001887	6958.99	PASS
PAW76169.barcode42	71701	300001814	4184.07	PASS
PAQ88969.barcode26	37475	300006583	8005.51	PASS
PAQ89233.barcode22	30199	300002073	9934.17	PASS
PAQ87969.barcode94	46332	16186632	349.36	PASS
PAQ89233.barcode84	22892	3446709	150.56	FAIL
PAW76169.barcode26	59318	300002489	5057.53	PASS
PAW76169.barcode22	38588	3382339	87.65	FAIL
PAQ88969.barcode56	191022	300000022	1570.50	PASS
PAQ88969.barcode33	30000	76348424	2544.95	PASS
PAW76169.barcode47	46676	300001281	6427.31	PASS
PAW76169.barcode33	97490	300000131	3077.24	PASS
PAQ89233.barcode29	30157	7528301	249.64	FAIL
PAY08219.barcode22	35528	300003425	8444.14	PASS
PAQ89233.barcode12	64627	43888053	679.10	PASS
PAQ89233.barcode83	92188	51187834	555.25	PASS
PBK85545.barcode54	40859	300001847	7342.37	PASS
PAQ89233.barcode44	88495	300001207	3390.04	PASS
PBI66098.barcode91	57123	300001665	5251.85	PASS
PBI66098.barcode07	45038	300001867	6661.08	PASS
PBK85545.barcode18	49974	300000140	6003.12	PASS
PAQ89233.barcode33	203064	185450349	913.26	PASS
PAQ88969.barcode42	181725	300000442	1650.85	PASS
PBK85545.barcode83	37306	300001400	8041.64	PASS
PAQ89233.barcode32	49546	28891672	583.13	PASS
PAQ89233.barcode57	40853	300003611	7343.49	PASS
PAW76169.barcode08	67656	300001184	4434.21	PASS
PAQ89233.barcode86	231554	132367229	571.65	PASS
PAQ87969.barcode04	167180	300000532	1794.48	PASS
PAY08219.barcode11	99690	300000082	3009.33	PASS
PBI66098.barcode10	125204	128246353	1024.30	PASS
PBK85545.barcode93	38334	300001481	7825.99	PASS
PAQ89233.barcode67	36116	300003800	8306.67	PASS
PAQ87969.barcode06	58113	300001888	5162.39	PASS
PAW76169.barcode16	126723	225740260	1781.37	PASS
PBK85545.barcode57	64449	300002510	4654.88	PASS
PAY08219.barcode10	103524	255671324	2469.68	PASS
PBI66098.barcode25	25149	300007527	11929.20	PASS
PAQ87969.barcode38	45718	300004257	6562.06	PASS
PAY08219.barcode31	141132	150478836	1066.23	PASS
PAQ87969.barcode58	127808	102519387	802.14	PASS
PAQ88969.barcode08	25615	300003614	11712.03	PASS
PBK85545.barcode30	40114	300003966	7478.78	PASS
PBK85545.barcode96	127601	300000453	2351.08	PASS
PBK85545.barcode73	64487	300001073	4652.12	PASS
PAQ88969.barcode80	40000	33701631	842.54	PASS
PAW76169.barcode05	71893	300000398	4172.87	PASS
PAQ89233.barcode47	67583	13518220	200.02	FAIL
PAQ88969.barcode17	100000	173661262	1736.61	PASS
PAQ88969.barcode79	31683	300001357	9468.84	PASS
PBI66098.barcode36	81859	300000572	3664.85	PASS
PAW76169.barcode04	75978	300001387	3948.53	PASS
PBI66098.barcode45	149639	300000114	2004.83	PASS
PBI66098.barcode04	160647	300000544	1867.45	PASS
PAW76169.barcode10	139222	142745355	1025.31	PASS
PAQ89233.barcode51	43729	6322107	144.57	FAIL
PBI66098.barcode73	62294	300000060	4815.87	PASS
PAQ89233.barcode89	91948	49957599	543.32	PASS
PAQ88969.barcode24	245907	300000294	1219.97	PASS
PBK85545.barcode01	18329	300002773	16367.66	PASS
PAQ87969.barcode07	477005	289098397	606.07	PASS
PAY08219.barcode34	152729	206995894	1355.31	PASS
PAY08219.barcode37	100773	300000039	2976.99	PASS
PAQ87969.barcode17	37103	300000812	8085.62	PASS
PBI66098.barcode48	48579	300002159	6175.55	PASS
PAW76169.barcode03	53647	300000424	5592.12	PASS
PBI66098.barcode06	77551	300000007	3868.42	PASS
PAY08219.barcode29	31861	300005613	9416.08	PASS
PAW76169.barcode81	104483	140229396	1342.13	PASS
PBI66098.barcode20	42282	300002347	7095.27	PASS
PAQ87969.barcode29	43898	17687657	402.93	PASS
PAQ89233.barcode92	67319	300001260	4456.41	PASS
PAQ89233.barcode80	80804	48193657	596.43	PASS
PAQ89233.barcode91	94156	300000014	3186.20	PASS
PAQ88969.barcode91	120000	261234371	2176.95	PASS
PAW76169.barcode29	50374	300003318	5955.52	PASS
PAW76169.barcode68	12898	300014592	23260.55	PASS
PBK85545.barcode59	44675	300002804	6715.23	PASS
PAQ87969.barcode42	48235	300002531	6219.60	PASS
PBK85545.barcode17	331387	185702908	560.38	PASS
PAY08219.barcode03	70500	300000901	4255.33	PASS
PAQ89233.barcode94	73234	300000042	4096.46	PASS
PBI66098.barcode08	204983	160177523	781.42	PASS
PAQ87969.barcode54	79132	300000891	3791.15	PASS
PAQ89233.barcode14	154677	83019235	536.73	PASS
PAQ87969.barcode68	79785	12560750	157.43	FAIL
PAY08219.barcode09	29395	300001046	10205.85	PASS
PBI66098.barcode33	79107	300001955	3792.36	PASS
PBI66098.barcode78	4076	1032037	253.20	FAIL
PAQ87969.barcode23	155648	153470891	986.01	PASS
PAQ87969.barcode13	31281	300008434	9590.76	PASS
PAQ87969.barcode66	165852	129367603	780.02	PASS
PAY08219.barcode26	51737	300002061	5798.60	PASS
PAQ87969.barcode18	5875	1521458	258.97	FAIL
PBK85545.barcode19	89464	300001390	3353.32	PASS
PAQ88969.barcode05	61670	300001454	4864.63	PASS
PBK85545.barcode88	25671	300002967	11686.45	PASS
PBI66098.barcode22	37088	300000148	8088.87	PASS
PAY08219.barcode08	72855	300000344	4117.77	PASS
PAW76169.barcode72	60545	300001150	4955.01	PASS
PAQ88969.barcode54	10000	1500949	150.09	FAIL
